project_id,sample_name,sample_id,omics_id,experiment_id,species,description,organ
PRO000000308,Sample_1,SAM000184237,SCT000000287,EPT000000327,Mus musculus,,liver
PRO000000308,Sample_2,SAM000184238,SCT000000287,EPT000000327,Mus musculus,,liver
PRO000000309,4834STDY7002875,SAM000184239,SCT000000288,EPT000000328,Homo sapiens,,kidney
PRO000000309,4834STDY7002876,SAM000184240,SCT000000288,EPT000000328,Homo sapiens,,kidney
PRO000000309,4834STDY7002877,SAM000184241,SCT000000288,EPT000000328,Homo sapiens,,liver
PRO000000309,4834STDY7002878,SAM000184242,SCT000000288,EPT000000328,Homo sapiens,,liver
PRO000000309,4834STDY7002879,SAM000184243,SCT000000288,EPT000000328,Homo sapiens,,skin of body
PRO000000309,4834STDY7002880,SAM000184244,SCT000000288,EPT000000328,Homo sapiens,,skin of body
PRO000000309,4834STDY7002881,SAM000184245,SCT000000288,EPT000000328,Homo sapiens,,kidney
PRO000000309,4834STDY7002882,SAM000184246,SCT000000288,EPT000000328,Homo sapiens,,liver
PRO000000309,4834STDY7002883,SAM000184247,SCT000000288,EPT000000328,Homo sapiens,,skin of body
PRO000000309,4834STDY7002885,SAM000184248,SCT000000288,EPT000000328,Homo sapiens,,kidney
PRO000000309,4834STDY7002886,SAM000184249,SCT000000288,EPT000000328,Homo sapiens,,kidney
PRO000000309,4834STDY7038750,SAM000184250,SCT000000288,EPT000000328,Homo sapiens,,liver
PRO000000309,4834STDY7038751,SAM000184251,SCT000000288,EPT000000328,Homo sapiens,,liver
PRO000000309,4834STDY7038752,SAM000184252,SCT000000288,EPT000000328,Homo sapiens,,skin of body
PRO000000309,4834STDY7038753,SAM000184253,SCT000000288,EPT000000328,Homo sapiens,,skin of body
PRO000000309,FCAImmP7179363,SAM000184254,SCT000000288,EPT000000328,Homo sapiens,,liver
PRO000000309,FCAImmP7179364,SAM000184255,SCT000000288,EPT000000328,Homo sapiens,,liver
PRO000000309,FCAImmP7198434,SAM000184256,SCT000000288,EPT000000328,Homo sapiens,,liver
PRO000000309,FCAImmP7198628,SAM000184257,SCT000000288,EPT000000328,Homo sapiens,,liver
PRO000000309,FCAImmP7198629,SAM000184258,SCT000000288,EPT000000328,Homo sapiens,,liver
PRO000000309,FCAImmP7198630,SAM000184259,SCT000000288,EPT000000328,Homo sapiens,,liver
PRO000000309,FCAImmP7198631,SAM000184260,SCT000000288,EPT000000328,Homo sapiens,,liver
PRO000000309,FCAImmP7241240,SAM000184261,SCT000000288,EPT000000328,Homo sapiens,,skin of body
PRO000000309,FCAImmP7241241,SAM000184262,SCT000000288,EPT000000328,Homo sapiens,,skin of body
PRO000000309,FCAImmP7277552,SAM000184263,SCT000000288,EPT000000328,Homo sapiens,,liver
PRO000000309,FCAImmP7277553,SAM000184264,SCT000000288,EPT000000328,Homo sapiens,,liver
PRO000000309,FCAImmP7277560,SAM000184265,SCT000000288,EPT000000328,Homo sapiens,,liver
PRO000000309,FCAImmP7277561,SAM000184266,SCT000000288,EPT000000328,Homo sapiens,,liver
PRO000000309,FCAImmP7292028,SAM000184267,SCT000000288,EPT000000328,Homo sapiens,,liver
PRO000000309,FCAImmP7292032,SAM000184268,SCT000000288,EPT000000328,Homo sapiens,,liver
PRO000000309,FCAImmP7316886,SAM000184269,SCT000000288,EPT000000328,Homo sapiens,,skin of body
PRO000000309,FCAImmP7316887,SAM000184270,SCT000000288,EPT000000328,Homo sapiens,,skin of body
PRO000000309,FCAImmP7316888,SAM000184271,SCT000000288,EPT000000328,Homo sapiens,,skin of body
PRO000000309,FCAImmP7316889,SAM000184272,SCT000000288,EPT000000328,Homo sapiens,,liver
PRO000000309,FCAImmP7316890,SAM000184273,SCT000000288,EPT000000328,Homo sapiens,,liver
PRO000000309,FCAImmP7316891,SAM000184274,SCT000000288,EPT000000328,Homo sapiens,,liver
PRO000000309,FCAImmP7316892,SAM000184275,SCT000000288,EPT000000328,Homo sapiens,,liver
PRO000000309,FCAImmP7316893,SAM000184276,SCT000000288,EPT000000328,Homo sapiens,,liver
PRO000000309,FCAImmP7316894,SAM000184277,SCT000000288,EPT000000328,Homo sapiens,,liver
PRO000000309,FCAImmP7316895,SAM000184278,SCT000000288,EPT000000328,Homo sapiens,,liver
PRO000000309,FCAImmP7316896,SAM000184279,SCT000000288,EPT000000328,Homo sapiens,,skin of body
PRO000000309,FCAImmP7316897,SAM000184280,SCT000000288,EPT000000328,Homo sapiens,,skin of body
PRO000000309,FCAImmP7316900,SAM000184281,SCT000000288,EPT000000328,Homo sapiens,,yolk sac
PRO000000309,FCAImmP7316901,SAM000184282,SCT000000288,EPT000000328,Homo sapiens,,liver
PRO000000309,FCAImmP7352189,SAM000184283,SCT000000288,EPT000000328,Homo sapiens,,skin of body
PRO000000309,FCAImmP7352190,SAM000184284,SCT000000288,EPT000000328,Homo sapiens,,skin of body
PRO000000309,FCAImmP7352191,SAM000184285,SCT000000288,EPT000000328,Homo sapiens,,skin of body
PRO000000309,FCAImmP7352192,SAM000184286,SCT000000288,EPT000000328,Homo sapiens,,liver
PRO000000309,FCAImmP7352193,SAM000184287,SCT000000288,EPT000000328,Homo sapiens,,liver
PRO000000309,FCAImmP7352194,SAM000184288,SCT000000288,EPT000000328,Homo sapiens,,liver
PRO000000309,FCAImmP7352195,SAM000184289,SCT000000288,EPT000000328,Homo sapiens,,liver
PRO000000309,FCAImmP7352196,SAM000184290,SCT000000288,EPT000000328,Homo sapiens,,liver
PRO000000309,FCAImmP7462237,SAM000184291,SCT000000288,EPT000000328,Homo sapiens,,liver
PRO000000309,FCAImmP7462238,SAM000184292,SCT000000288,EPT000000328,Homo sapiens,,liver
PRO000000309,FCAImmP7462239,SAM000184293,SCT000000288,EPT000000328,Homo sapiens,,liver
PRO000000309,FCAImmP7462240,SAM000184294,SCT000000288,EPT000000328,Homo sapiens,,skin of body
PRO000000309,FCAImmP7462241,SAM000184295,SCT000000288,EPT000000328,Homo sapiens,,skin of body
PRO000000309,FCAImmP7462242,SAM000184296,SCT000000288,EPT000000328,Homo sapiens,,kidney
PRO000000309,FCAImmP7462243,SAM000184297,SCT000000288,EPT000000328,Homo sapiens,,kidney
PRO000000309,FCAImmP7462244,SAM000184298,SCT000000288,EPT000000328,Homo sapiens,,yolk sac
PRO000000309,FCAImmP7504909,SAM000184299,SCT000000288,EPT000000328,Homo sapiens,,yolk sac
PRO000000309,FCAImmP7504910,SAM000184300,SCT000000288,EPT000000328,Homo sapiens,,yolk sac
PRO000000309,FCAImmP7504911,SAM000184301,SCT000000288,EPT000000328,Homo sapiens,,yolk sac
PRO000000309,FCAImmP7504912,SAM000184302,SCT000000288,EPT000000328,Homo sapiens,,yolk sac
PRO000000309,FCAImmP7504913,SAM000184303,SCT000000288,EPT000000328,Homo sapiens,,yolk sac
PRO000000309,FCAImmP7528286,SAM000184304,SCT000000288,EPT000000328,Homo sapiens,,liver
PRO000000309,FCAImmP7528287,SAM000184305,SCT000000288,EPT000000328,Homo sapiens,,liver
PRO000000309,FCAImmP7528288,SAM000184306,SCT000000288,EPT000000328,Homo sapiens,,liver
PRO000000309,FCAImmP7528289,SAM000184307,SCT000000288,EPT000000328,Homo sapiens,,liver
PRO000000309,FCAImmP7528295,SAM000184308,SCT000000288,EPT000000328,Homo sapiens,,liver
PRO000000309,FCAImmP7555846,SAM000184309,SCT000000288,EPT000000328,Homo sapiens,,liver
PRO000000309,FCAImmP7555847,SAM000184310,SCT000000288,EPT000000328,Homo sapiens,,liver
PRO000000309,FCAImmP7555856,SAM000184311,SCT000000288,EPT000000328,Homo sapiens,,liver
PRO000000309,FCAImmP7555857,SAM000184312,SCT000000288,EPT000000328,Homo sapiens,,liver
PRO000000309,FCAImmP7579210,SAM000184313,SCT000000288,EPT000000328,Homo sapiens,,liver
PRO000000309,FCAImmP7579211,SAM000184314,SCT000000288,EPT000000328,Homo sapiens,,liver
PRO000000309,FCAImmP7579222,SAM000184315,SCT000000288,EPT000000328,Homo sapiens,,liver
PRO000000309,FCAImmP7579223,SAM000184316,SCT000000288,EPT000000328,Homo sapiens,,liver
PRO000000309,FCAImmP7579226,SAM000184317,SCT000000288,EPT000000328,Homo sapiens,,liver
PRO000000309,FCAImmP7579227,SAM000184318,SCT000000288,EPT000000328,Homo sapiens,,liver
PRO000000310,"BALF, C141 (scRNA-seq)",SAM000184319,SCT000000289,EPT000000329,Homo sapiens,,lung
PRO000000310,"BALF, C142 (scRNA-seq)",SAM000184320,SCT000000289,EPT000000329,Homo sapiens,,lung
PRO000000310,"BALF, C143 (scRNA-seq)",SAM000184321,SCT000000289,EPT000000329,Homo sapiens,,lung
PRO000000310,"BALF, C144 (scRNA-seq)",SAM000184322,SCT000000289,EPT000000329,Homo sapiens,,lung
PRO000000310,"BALF, C145 (scRNA-seq)",SAM000184323,SCT000000289,EPT000000329,Homo sapiens,,lung
PRO000000310,"BALF, C146 (scRNA-seq)",SAM000184324,SCT000000289,EPT000000329,Homo sapiens,,lung
PRO000000310,"BALF, C141 (TCR-seq)",SAM000184325,SCT000000289,EPT000000329,Homo sapiens,,lung
PRO000000310,"BALF, C142 (TCR-seq)",SAM000184326,SCT000000289,EPT000000329,Homo sapiens,,lung
PRO000000310,"BALF, C143 (TCR-seq)",SAM000184327,SCT000000289,EPT000000329,Homo sapiens,,lung
PRO000000310,"BALF, C144 (TCR-seq)",SAM000184328,SCT000000289,EPT000000329,Homo sapiens,,lung
PRO000000310,"BALF, C145 (TCR-seq)",SAM000184329,SCT000000289,EPT000000329,Homo sapiens,,lung
PRO000000310,"BALF, C146 (TCR-seq)",SAM000184330,SCT000000289,EPT000000329,Homo sapiens,,lung
PRO000000310,C51 (scRNA-seq),SAM000184331,SCT000000289,EPT000000329,Homo sapiens,,lung
PRO000000310,C52 (scRNA-seq),SAM000184332,SCT000000289,EPT000000329,Homo sapiens,,lung
PRO000000310,C100 (scRNA-seq),SAM000184333,SCT000000289,EPT000000329,Homo sapiens,,lung
PRO000000310,C148 (scRNA-seq),SAM000184334,SCT000000289,EPT000000329,Homo sapiens,,lung
PRO000000310,C149 (scRNA-seq),SAM000184335,SCT000000289,EPT000000329,Homo sapiens,,lung
PRO000000310,C152 (scRNA-seq),SAM000184336,SCT000000289,EPT000000329,Homo sapiens,,lung
PRO000000310,C148 (TCR-seq),SAM000184337,SCT000000289,EPT000000329,Homo sapiens,,lung
PRO000000310,C149 (TCR-seq),SAM000184338,SCT000000289,EPT000000329,Homo sapiens,,lung
PRO000000310,C152 (TCR-seq),SAM000184339,SCT000000289,EPT000000329,Homo sapiens,,lung
PRO000000311,Normal liver-whole,SAM000184340,SCT000000290,EPT000000330,Mus musculus,,liver
PRO000000311,Normal liver-tomato positive,SAM000184341,SCT000000290,EPT000000330,Mus musculus,,liver
PRO000000311,Normal kidney-whole,SAM000184342,SCT000000290,EPT000000330,Mus musculus,,liver
PRO000000311,Normal kidney-tomato positive,SAM000184343,SCT000000290,EPT000000330,Mus musculus,,liver
PRO000000311,NASH liver-whole,SAM000184344,SCT000000291,EPT000000330,Mus musculus,,liver
PRO000000311,NASH liver-tomato positive,SAM000184345,SCT000000291,EPT000000330,Mus musculus,,liver
PRO000000312,Sample 1_AB10014,SAM000184346,SCT000000292,EPT000000331,Mus musculus,,liver
PRO000000312,Sample 2_AB10015,SAM000184347,SCT000000292,EPT000000331,Mus musculus,,liver
PRO000000312,Sample 3_AB10016,SAM000184348,SCT000000292,EPT000000331,Mus musculus,,liver
PRO000000312,Sample 4_AB10019,SAM000184349,SCT000000292,EPT000000331,Mus musculus,,liver
PRO000000312,Sample 5_AB10020,SAM000184350,SCT000000292,EPT000000331,Mus musculus,,liver
PRO000000312,Sample 6_AB10506,SAM000184351,SCT000000292,EPT000000331,Mus musculus,,liver
PRO000000312,Sample 7_AB10507,SAM000184352,SCT000000292,EPT000000331,Mus musculus,,liver
PRO000000312,Sample 8_AB10508,SAM000184353,SCT000000292,EPT000000331,Mus musculus,,liver
PRO000000312,Sample 9_AB10509,SAM000184354,SCT000000292,EPT000000331,Mus musculus,,liver
PRO000000312,Sample 10_AB10510,SAM000184355,SCT000000292,EPT000000331,Mus musculus,,liver
PRO000000312,Sample 11_AB10511,SAM000184356,SCT000000292,EPT000000331,Mus musculus,,liver
PRO000000312,Sample 12_AB10512,SAM000184357,SCT000000292,EPT000000331,Mus musculus,,liver
PRO000000312,Sample 13_AB10513,SAM000184358,SCT000000292,EPT000000331,Mus musculus,,liver
PRO000000312,Sample 14_AB10514,SAM000184359,SCT000000292,EPT000000331,Mus musculus,,liver
PRO000000312,Sample 15_AB10515,SAM000184360,SCT000000292,EPT000000331,Mus musculus,,liver
PRO000000312,Sample 16_AB10516,SAM000184361,SCT000000292,EPT000000331,Mus musculus,,liver
PRO000000312,Sample 17_AB10517,SAM000184362,SCT000000292,EPT000000331,Mus musculus,,liver
PRO000000312,Sample 18_AB10518,SAM000184363,SCT000000292,EPT000000331,Mus musculus,,liver
PRO000000312,Sample 19_AB10519,SAM000184364,SCT000000292,EPT000000331,Mus musculus,,liver
PRO000000312,Sample 20_AB10803,SAM000184365,SCT000000292,EPT000000331,Mus musculus,,liver
PRO000000312,Sample 21_AB10804,SAM000184366,SCT000000292,EPT000000331,Mus musculus,,liver
PRO000000312,Sample 22_AB10805,SAM000184367,SCT000000292,EPT000000331,Mus musculus,,liver
PRO000000312,Sample 23_AB10806,SAM000184368,SCT000000292,EPT000000331,Mus musculus,,liver
PRO000000312,Sample 24_AB10807,SAM000184369,SCT000000292,EPT000000331,Mus musculus,,liver
PRO000000312,Sample 25_AB10808,SAM000184370,SCT000000292,EPT000000331,Mus musculus,,liver
PRO000000312,Sample 26_AB10809,SAM000184371,SCT000000292,EPT000000331,Mus musculus,,liver
PRO000000312,Sample 27_AB10810,SAM000184372,SCT000000292,EPT000000331,Mus musculus,,liver
PRO000000312,Sample 28_AB10811,SAM000184373,SCT000000292,EPT000000331,Mus musculus,,liver
PRO000000312,Sample 29_AB10812,SAM000184374,SCT000000292,EPT000000331,Mus musculus,,liver
PRO000000312,Sample 30_AB10813,SAM000184375,SCT000000292,EPT000000331,Mus musculus,,liver
PRO000000312,Sample 31_AB10814,SAM000184376,SCT000000292,EPT000000331,Mus musculus,,liver
PRO000000312,Sample 32_AB10815,SAM000184377,SCT000000292,EPT000000331,Mus musculus,,liver
PRO000000312,Sample 33_AB10816,SAM000184378,SCT000000292,EPT000000331,Mus musculus,,liver
PRO000000312,Sample 34_AB10817,SAM000184379,SCT000000292,EPT000000331,Mus musculus,,liver
PRO000000312,Sample 35_AB1088,SAM000184380,SCT000000292,EPT000000331,Mus musculus,,bone marrow
PRO000000312,Sample 36_AB1089,SAM000184381,SCT000000292,EPT000000331,Mus musculus,,bone marrow
PRO000000312,Sample 37_AB1090,SAM000184382,SCT000000292,EPT000000331,Mus musculus,,bone marrow
PRO000000312,Sample 38_AB1091,SAM000184383,SCT000000292,EPT000000331,Mus musculus,,bone marrow
PRO000000312,Sample 39_AB1092,SAM000184384,SCT000000292,EPT000000331,Mus musculus,,blood
PRO000000312,Sample 40_AB1093,SAM000184385,SCT000000292,EPT000000331,Mus musculus,,blood
PRO000000312,Sample 41_AB1094,SAM000184386,SCT000000292,EPT000000331,Mus musculus,,blood
PRO000000312,Sample 42_AB1095,SAM000184387,SCT000000292,EPT000000331,Mus musculus,,blood
PRO000000312,Sample 43_AB137,SAM000184388,SCT000000292,EPT000000331,Mus musculus,,liver
PRO000000312,Sample 44_AB138,SAM000184389,SCT000000292,EPT000000331,Mus musculus,,liver
PRO000000312,Sample 45_AB139,SAM000184390,SCT000000292,EPT000000331,Mus musculus,,liver
PRO000000312,Sample 46_AB140,SAM000184391,SCT000000292,EPT000000331,Mus musculus,,liver
PRO000000312,Sample 47_AB141,SAM000184392,SCT000000292,EPT000000331,Mus musculus,,liver
PRO000000312,Sample 48_AB142,SAM000184393,SCT000000292,EPT000000331,Mus musculus,,liver
PRO000000312,Sample 49_AB143,SAM000184394,SCT000000292,EPT000000331,Mus musculus,,liver
PRO000000312,Sample 50_AB144,SAM000184395,SCT000000292,EPT000000331,Mus musculus,,liver
PRO000000312,Sample 51_AB172,SAM000184396,SCT000000292,EPT000000331,Mus musculus,,liver
PRO000000312,Sample 52_AB173,SAM000184397,SCT000000292,EPT000000331,Mus musculus,,liver
PRO000000312,Sample 53_AB174,SAM000184398,SCT000000292,EPT000000331,Mus musculus,,liver
PRO000000312,Sample 54_AB175,SAM000184399,SCT000000292,EPT000000331,Mus musculus,,liver
PRO000000312,Sample 55_AB176,SAM000184400,SCT000000292,EPT000000331,Mus musculus,,liver
PRO000000312,Sample 56_AB177,SAM000184401,SCT000000292,EPT000000331,Mus musculus,,liver
PRO000000312,Sample 57_AB178,SAM000184402,SCT000000292,EPT000000331,Mus musculus,,liver
PRO000000312,Sample 58_AB179,SAM000184403,SCT000000292,EPT000000331,Mus musculus,,liver
PRO000000312,Sample 59_AB180,SAM000184404,SCT000000292,EPT000000331,Mus musculus,,liver
PRO000000312,Sample 60_AB181,SAM000184405,SCT000000292,EPT000000331,Mus musculus,,liver
PRO000000312,Sample 61_AB182,SAM000184406,SCT000000292,EPT000000331,Mus musculus,,liver
PRO000000312,Sample 62_AB183,SAM000184407,SCT000000292,EPT000000331,Mus musculus,,liver
PRO000000312,Sample 63_AB184,SAM000184408,SCT000000292,EPT000000331,Mus musculus,,liver
PRO000000312,Sample 64_AB185,SAM000184409,SCT000000292,EPT000000331,Mus musculus,,liver
PRO000000312,Sample 65_AB186,SAM000184410,SCT000000292,EPT000000331,Mus musculus,,liver
PRO000000312,Sample 66_AB187,SAM000184411,SCT000000292,EPT000000331,Mus musculus,,liver
PRO000000312,Sample 67_AB188,SAM000184412,SCT000000292,EPT000000331,Mus musculus,,liver
PRO000000312,Sample 68_AB189,SAM000184413,SCT000000292,EPT000000331,Mus musculus,,liver
PRO000000312,Sample 69_AB190,SAM000184414,SCT000000292,EPT000000331,Mus musculus,,liver
PRO000000312,Sample 70_AB191,SAM000184415,SCT000000292,EPT000000331,Mus musculus,,liver
PRO000000312,Sample 71_AB192,SAM000184416,SCT000000292,EPT000000331,Mus musculus,,liver
PRO000000312,Sample 72_AB193,SAM000184417,SCT000000292,EPT000000331,Mus musculus,,liver
PRO000000312,Sample 73_AB194,SAM000184418,SCT000000292,EPT000000331,Mus musculus,,liver
PRO000000312,Sample 74_AB195,SAM000184419,SCT000000292,EPT000000331,Mus musculus,,liver
PRO000000312,Sample 75_AB213,SAM000184420,SCT000000292,EPT000000331,Mus musculus,,liver
PRO000000312,Sample 76_AB214,SAM000184421,SCT000000292,EPT000000331,Mus musculus,,liver
PRO000000312,Sample 77_AB238,SAM000184422,SCT000000292,EPT000000331,Mus musculus,,liver
PRO000000312,Sample 78_AB239,SAM000184423,SCT000000292,EPT000000331,Mus musculus,,liver
PRO000000312,Sample 79_AB240,SAM000184424,SCT000000292,EPT000000331,Mus musculus,,liver
PRO000000312,Sample 80_AB241,SAM000184425,SCT000000292,EPT000000331,Mus musculus,,liver
PRO000000312,Sample 81_AB242,SAM000184426,SCT000000292,EPT000000331,Mus musculus,,liver
PRO000000312,Sample 82_AB243,SAM000184427,SCT000000292,EPT000000331,Mus musculus,,liver
PRO000000312,Sample 83_AB244,SAM000184428,SCT000000292,EPT000000331,Mus musculus,,liver
PRO000000312,Sample 84_AB245,SAM000184429,SCT000000292,EPT000000331,Mus musculus,,liver
PRO000000312,Sample 85_AB246,SAM000184430,SCT000000292,EPT000000331,Mus musculus,,liver
PRO000000312,Sample 86_AB247,SAM000184431,SCT000000292,EPT000000331,Mus musculus,,liver
PRO000000312,Sample 87_AB248,SAM000184432,SCT000000292,EPT000000331,Mus musculus,,liver
PRO000000312,Sample 88_AB249,SAM000184433,SCT000000292,EPT000000331,Mus musculus,,liver
PRO000000312,Sample 89_AB250,SAM000184434,SCT000000292,EPT000000331,Mus musculus,,liver
PRO000000312,Sample 90_AB251,SAM000184435,SCT000000292,EPT000000331,Mus musculus,,liver
PRO000000312,Sample 91_AB252,SAM000184436,SCT000000292,EPT000000331,Mus musculus,,liver
PRO000000312,Sample 92_AB253,SAM000184437,SCT000000292,EPT000000331,Mus musculus,,liver
PRO000000312,Sample 93_AB254,SAM000184438,SCT000000292,EPT000000331,Mus musculus,,liver
PRO000000312,Sample 94_AB255,SAM000184439,SCT000000292,EPT000000331,Mus musculus,,liver
PRO000000312,Sample 95_AB256,SAM000184440,SCT000000292,EPT000000331,Mus musculus,,liver
PRO000000312,Sample 96_AB257,SAM000184441,SCT000000292,EPT000000331,Mus musculus,,liver
PRO000000312,Sample 97_AB258,SAM000184442,SCT000000292,EPT000000331,Mus musculus,,liver
PRO000000312,Sample 98_AB259,SAM000184443,SCT000000292,EPT000000331,Mus musculus,,liver
PRO000000312,Sample 99_AB260,SAM000184444,SCT000000292,EPT000000331,Mus musculus,,liver
PRO000000312,Sample 100_AB261,SAM000184445,SCT000000292,EPT000000331,Mus musculus,,liver
PRO000000312,Sample 101_AB2635,SAM000184446,SCT000000292,EPT000000331,Mus musculus,,liver
PRO000000312,Sample 102_AB2636,SAM000184447,SCT000000292,EPT000000331,Mus musculus,,liver
PRO000000312,Sample 103_AB2637,SAM000184448,SCT000000292,EPT000000331,Mus musculus,,liver
PRO000000312,Sample 104_AB2638,SAM000184449,SCT000000292,EPT000000331,Mus musculus,,liver
PRO000000312,Sample 105_AB2639,SAM000184450,SCT000000292,EPT000000331,Mus musculus,,liver
PRO000000312,Sample 106_AB2640,SAM000184451,SCT000000292,EPT000000331,Mus musculus,,liver
PRO000000312,Sample 107_AB2641,SAM000184452,SCT000000292,EPT000000331,Mus musculus,,liver
PRO000000312,Sample 108_AB2642,SAM000184453,SCT000000292,EPT000000331,Mus musculus,,liver
PRO000000312,Sample 109_AB793,SAM000184454,SCT000000292,EPT000000331,Mus musculus,,liver
PRO000000312,Sample 110_AB794,SAM000184455,SCT000000292,EPT000000331,Mus musculus,,liver
PRO000000312,Sample 111_AB795,SAM000184456,SCT000000292,EPT000000331,Mus musculus,,liver
PRO000000312,Sample 112_AB796,SAM000184457,SCT000000292,EPT000000331,Mus musculus,,liver
PRO000000312,Sample 113_AB797,SAM000184458,SCT000000292,EPT000000331,Mus musculus,,liver
PRO000000312,Sample 114_AB798,SAM000184459,SCT000000292,EPT000000331,Mus musculus,,liver
PRO000000312,Sample 115_AB799,SAM000184460,SCT000000292,EPT000000331,Mus musculus,,liver
PRO000000312,Sample 116_AB800,SAM000184461,SCT000000292,EPT000000331,Mus musculus,,liver
PRO000000312,Sample 117_AB801,SAM000184462,SCT000000292,EPT000000331,Mus musculus,,bone marrow
PRO000000312,Sample 118_AB802,SAM000184463,SCT000000292,EPT000000331,Mus musculus,,bone marrow
PRO000000312,Sample 119_AB803,SAM000184464,SCT000000292,EPT000000331,Mus musculus,,bone marrow
PRO000000312,Sample 120_AB804,SAM000184465,SCT000000292,EPT000000331,Mus musculus,,bone marrow
PRO000000312,NASH_DC,SAM000184466,SCT000000293,EPT000000332,Homo sapiens,,liver
PRO000000312,CONTROL_DC,SAM000184467,SCT000000293,EPT000000332,Homo sapiens,,liver
PRO000000313,Liver CD8T cells - ND_GEX,SAM000184468,SCT000000294,EPT000000333,Mus musculus,,liver
PRO000000313,Liver CD8T cells - ND_TCR,SAM000184469,SCT000000294,EPT000000333,Mus musculus,,liver
PRO000000313,Spleen CD8T cells - ND_GEX,SAM000184470,SCT000000294,EPT000000333,Mus musculus,,spleen
PRO000000313,Spleen CD8T cells - ND_TCR,SAM000184471,SCT000000294,EPT000000333,Mus musculus,,spleen
PRO000000313,Liver CD8T cells - RES_GEX,SAM000184472,SCT000000294,EPT000000333,Mus musculus,,liver
PRO000000313,Liver CD8T cells - RES_TCR,SAM000184473,SCT000000294,EPT000000333,Mus musculus,,liver
PRO000000313,Spleen CD8T cells - RES_GEX,SAM000184474,SCT000000294,EPT000000333,Mus musculus,,spleen
PRO000000313,Spleen CD8T cells - RES_TCR,SAM000184475,SCT000000294,EPT000000333,Mus musculus,,spleen
PRO000000313,Liver CD8T cells - ND,SAM000184476,SCT000000294,EPT000000333,Mus musculus,,liver
PRO000000313,Liver CD8T cells - HFHC,SAM000184477,SCT000000294,EPT000000333,Mus musculus,,liver
PRO000000313,Liver CD8T cells - RES,SAM000184478,SCT000000294,EPT000000333,Mus musculus,,liver
PRO000000314,injured liver (8xCCl4) RS025,SAM000184479,SCT000000295,EPT000000334,Mus musculus,,liver
PRO000000314,HSC from normal liver (untreated) RS014,SAM000184480,SCT000000295,EPT000000334,Mus musculus,,liver
PRO000000314,HSC from injured liver (1xCCl4) RS015,SAM000184481,SCT000000295,EPT000000334,Mus musculus,,liver
PRO000000314,HSC from injured liver (4xCCl4) RS016,SAM000184482,SCT000000295,EPT000000334,Mus musculus,,liver
PRO000000314,HSC from injured liver (12xCCl4) RS017,SAM000184483,SCT000000295,EPT000000334,Mus musculus,,liver
PRO000000314,snRNAseq of cirrhotic liver (surrounding tissue) S41,SAM000184484,SCT000000296,EPT000000335,Homo sapiens,,liver
PRO000000314,snRNAseq of HCC S42,SAM000184485,SCT000000296,EPT000000335,Homo sapiens,,liver
PRO000000314,snRNAseq of cirrhotic liver (surrounding tissue) s43,SAM000184486,SCT000000296,EPT000000335,Homo sapiens,,liver
PRO000000314,snRNAseq of HCC S44,SAM000184487,SCT000000296,EPT000000335,Homo sapiens,,liver
PRO000000314,scRNAseq of injured liver (8xCCl4) RS045,SAM000184488,SCT000000297,EPT000000336,Mus musculus,,liver
PRO000000314,scRNAseq of injured liver (8xCCl4) RS046,SAM000184489,SCT000000297,EPT000000336,Mus musculus,,liver
PRO000000314,scRNAseq of Col1a1+ cells (Mdr2KO),SAM000184490,SCT000000297,EPT000000336,Mus musculus,,liver
PRO000000314,Single nuclei (CST) Donor 1,SAM000184491,SCT000000298,EPT000000337,Homo sapiens,,liver
PRO000000314,Single nuclei (NST) Donor 1,SAM000184492,SCT000000298,EPT000000337,Homo sapiens,,liver
PRO000000314,Single nuclei (TST) Donor 1,SAM000184493,SCT000000298,EPT000000337,Homo sapiens,,liver
PRO000000314,Single cell Donor 2,SAM000184494,SCT000000298,EPT000000337,Homo sapiens,,liver
PRO000000314,Single nuclei (TST) Donor 2,SAM000184495,SCT000000298,EPT000000337,Homo sapiens,,liver
PRO000000314,Single cell Donor 3,SAM000184496,SCT000000298,EPT000000337,Homo sapiens,,liver
PRO000000314,Single nuclei (TST) Donor 3,SAM000184497,SCT000000298,EPT000000337,Homo sapiens,,liver
PRO000000314,Single cell Donor 4,SAM000184498,SCT000000298,EPT000000337,Homo sapiens,,liver
PRO000000314,Single nuclei (TST) Donor 4,SAM000184499,SCT000000298,EPT000000337,Homo sapiens,,liver
PRO000000314,VISIUM Spatial,SAM000184500,SCT000000298,EPT000000337,Homo sapiens,,liver
PRO000000315,S001,SAM000184501,SCT000000299,EPT000000338,Homo sapiens,,liver
PRO000000315,S002,SAM000184502,SCT000000299,EPT000000338,Homo sapiens,,liver
PRO000000315,S003,SAM000184503,SCT000000299,EPT000000338,Homo sapiens,,liver
PRO000000315,S004,SAM000184504,SCT000000299,EPT000000338,Homo sapiens,,liver
PRO000000315,S005,SAM000184505,SCT000000299,EPT000000338,Homo sapiens,,liver
PRO000000315,S006,SAM000184506,SCT000000299,EPT000000338,Homo sapiens,,liver
PRO000000315,S007,SAM000184507,SCT000000299,EPT000000338,Homo sapiens,,liver
PRO000000315,S008,SAM000184508,SCT000000299,EPT000000338,Homo sapiens,,liver
PRO000000315,S009,SAM000184509,SCT000000299,EPT000000338,Homo sapiens,,liver
PRO000000315,S010,SAM000184510,SCT000000299,EPT000000338,Homo sapiens,,liver
PRO000000315,S011,SAM000184511,SCT000000299,EPT000000338,Homo sapiens,,liver
PRO000000315,S012,SAM000184512,SCT000000299,EPT000000338,Homo sapiens,,liver
PRO000000315,S013,SAM000184513,SCT000000299,EPT000000338,Homo sapiens,,liver
PRO000000315,S014,SAM000184514,SCT000000299,EPT000000338,Homo sapiens,,liver
PRO000000315,S015,SAM000184515,SCT000000299,EPT000000338,Homo sapiens,,liver
PRO000000315,S016,SAM000184516,SCT000000299,EPT000000338,Homo sapiens,,liver
PRO000000315,S017,SAM000184517,SCT000000299,EPT000000338,Homo sapiens,,liver
PRO000000315,S018,SAM000184518,SCT000000299,EPT000000338,Homo sapiens,,liver
PRO000000315,S019,SAM000184519,SCT000000299,EPT000000338,Homo sapiens,,liver
PRO000000315,S020,SAM000184520,SCT000000299,EPT000000338,Homo sapiens,,liver
PRO000000315,S021,SAM000184521,SCT000000299,EPT000000338,Homo sapiens,,liver
PRO000000315,S022,SAM000184522,SCT000000299,EPT000000338,Homo sapiens,,liver
PRO000000315,S023,SAM000184523,SCT000000299,EPT000000338,Homo sapiens,,liver
PRO000000315,S024,SAM000184524,SCT000000299,EPT000000338,Homo sapiens,,liver
PRO000000315,S025,SAM000184525,SCT000000299,EPT000000338,Homo sapiens,,liver
PRO000000315,S026,SAM000184526,SCT000000299,EPT000000338,Homo sapiens,,liver
PRO000000315,S027,SAM000184527,SCT000000299,EPT000000338,Homo sapiens,,liver
PRO000000315,S028,SAM000184528,SCT000000299,EPT000000338,Homo sapiens,,liver
PRO000000315,S029,SAM000184529,SCT000000299,EPT000000338,Homo sapiens,,liver
PRO000000315,S030,SAM000184530,SCT000000299,EPT000000338,Homo sapiens,,liver
PRO000000315,S031,SAM000184531,SCT000000299,EPT000000338,Homo sapiens,,liver
PRO000000315,S032,SAM000184532,SCT000000299,EPT000000338,Homo sapiens,,liver
PRO000000315,S033,SAM000184533,SCT000000299,EPT000000338,Homo sapiens,,liver
PRO000000315,S034,SAM000184534,SCT000000299,EPT000000338,Homo sapiens,,liver
PRO000000315,S035,SAM000184535,SCT000000299,EPT000000338,Homo sapiens,,liver
PRO000000315,S036,SAM000184536,SCT000000299,EPT000000338,Homo sapiens,,liver
PRO000000315,S037,SAM000184537,SCT000000299,EPT000000338,Homo sapiens,,liver
PRO000000315,S038,SAM000184538,SCT000000299,EPT000000338,Homo sapiens,,liver
PRO000000315,S039,SAM000184539,SCT000000299,EPT000000338,Homo sapiens,,liver
PRO000000315,S040,SAM000184540,SCT000000299,EPT000000338,Homo sapiens,,liver
PRO000000315,S041,SAM000184541,SCT000000299,EPT000000338,Homo sapiens,,liver
PRO000000315,S042,SAM000184542,SCT000000299,EPT000000338,Homo sapiens,,liver
PRO000000315,S043,SAM000184543,SCT000000299,EPT000000338,Homo sapiens,,liver
PRO000000315,S044,SAM000184544,SCT000000299,EPT000000338,Homo sapiens,,liver
PRO000000315,S045,SAM000184545,SCT000000299,EPT000000338,Homo sapiens,,liver
PRO000000315,S046,SAM000184546,SCT000000299,EPT000000338,Homo sapiens,,liver
