sample_name,sample_id,cell_number
Lin-negative single-cell of bilio-vascular tree fragments,SAM000181818,6306
Sample 2,SAM000184203,2332
Cirrhotic1_Cd45+,SAM000184132,22769
Cirrhotic2_Cd45+,SAM000184135,22769
Cirrhotic2_CD45-,SAM000184136,22769
Cirrhotic3_CD45+,SAM000184137,22769
Cirrhotic3_Cd45-,SAM000184138,22769
Cirrhotic4_Cd45+,SAM000184139,22769
Cirrhotic5_Cd45+,SAM000184140,22769
Nizatidine-treated immune cells,SAM000184107,681
DMSO-treated immune cells,SAM000184108,681
D1_1,SAM000181776,65495
D1_2,SAM000181777,65495
D3_1,SAM000181778,65495
D3_2,SAM000181779,65495
D7_1,SAM000181780,65495
D7_2,SAM000181781,65495
D21_1,SAM000181782,65495
D21_2,SAM000181783,65495
D56_1,SAM000181784,65495
D56_2,SAM000181785,65495
p6_Far_S3,SAM000181423,6896
p6_Far_S5,SAM000181425,6896
p6_Far_S1,SAM000181421,6896
p6_Far_S9,SAM000181429,6896
p6_Far_S4,SAM000181424,6896
p6_Far_S7,SAM000181427,6896
p6_Far_S6,SAM000181426,6896
p6_Far_S2,SAM000181422,6896
p1_Far_S3,SAM000181356,6896
p1_Far_S1,SAM000181354,6896
p1_Tumor_S2,SAM000181359,6896
p1_Far_S2,SAM000181355,6896
p1_Tumor_S1,SAM000181358,6896
p1_Far_S4,SAM000181357,6896
p1_Tumor_S3,SAM000181360,6896
p1_Tumor_S4,SAM000181361,6896
p3_Far_S8,SAM000181384,6896
p3_Tumor_S4,SAM000181396,6896
p3_Far_S9,SAM000181385,6896
p3_Tumor_S1,SAM000181393,6896
p3_Tumor_S6,SAM000181398,6896
p3_Tumor_S2,SAM000181394,6896
p3_Far_S12,SAM000181388,6896
p3_Tumor_S5,SAM000181397,6896
p3_Far_S11,SAM000181387,6896
p3_Far_S15,SAM000181391,6896
p3_Far_S7,SAM000181383,6896
p3_Far_S13,SAM000181389,6896
p3_Far_S14,SAM000181390,6896
p3_Tumor_S8,SAM000181400,6896
p3_Tumor_S7,SAM000181399,6896
p3_Tumor_S3,SAM000181395,6896
p4_Far_S1,SAM000181401,6896
p4_Tumor_S7,SAM000181411,6896
p4_Tumor_S1,SAM000181405,6896
p4_Tumor_S3,SAM000181407,6896
p4_Tumor_S2,SAM000181406,6896
p4_Tumor_S6,SAM000181410,6896
p4_Tumor_S4,SAM000181408,6896
p4_Tumor_S5,SAM000181409,6896
p5_Far_S3,SAM000181414,6896
p5_Tumor_S1,SAM000181417,6896
p5_Far_S2,SAM000181413,6896
p5_Far_S1,SAM000181412,6896
p5_Tumor_S4,SAM000181420,6896
p5_Tumor_S2,SAM000181418,6896
p5_Tumor_S3,SAM000181419,6896
p2_Far_S4,SAM000181365,6896
p2_Tumor_S7,SAM000181373,6896
p2_Far_S1,SAM000181362,6896
p2_Tumor_S6,SAM000181372,6896
p2_Far_S2,SAM000181363,6896
p2_Tumor_S5,SAM000181371,6896
p2_Tumor_S2,SAM000181368,6896
p2_Tumor_S1,SAM000181367,6896
p2_Tumor_S4,SAM000181370,6896
p2_Tumor_S3,SAM000181369,6896
p2_Far_S3,SAM000181364,6896
Patient 1 Total Liver Homogenate,SAM000181337,8444
Patient 2 Total Liver Homogenate,SAM000181338,8444
Patient 3 Total Liver Homogenate,SAM000181339,8444
Patient 4 Total Liver Homogenate,SAM000181340,8444
Patient 5 Total Liver Homogenate,SAM000181341,8444
02-P166169-S109-R01: cellranger counts,SAM000181590,496
CS15_and_CS17_Blood_Liver,SAM000184189,19645
RHB6980 scRNA-Seq,SAM000183802,2036
RHB6982 scRNA-Seq,SAM000183804,2036
RHB6983 scRNA-Seq,SAM000183805,2036
RHB6984 scRNA-Seq,SAM000183806,2036
RHB6985 scRNA-Seq,SAM000183807,2036
RHB6986 scRNA-Seq,SAM000183808,2036
RHB6988 scRNA-Seq,SAM000183810,2036
RHB6991 scRNA-Seq,SAM000183813,2036
RHB6992 scRNA-Seq,SAM000183814,2036
RHB6993 scRNA-Seq,SAM000183815,2036
RHB6994 scRNA-Seq,SAM000183816,2036
RHB6995 scRNA-Seq,SAM000183817,2036
RHB6996 scRNA-Seq,SAM000183818,2036
RHB6999 scRNA-Seq,SAM000183821,2036
RHB7000 scRNA-Seq,SAM000183822,2036
RHB7001 scRNA-Seq,SAM000183823,2036
RHB7006 scRNA-Seq,SAM000183828,2036
RHB7007 scRNA-Seq,SAM000183829,2036
RHB7008 scRNA-Seq,SAM000183830,2036
RHB7009 scRNA-Seq,SAM000183831,2036
RHB7010 scRNA-Seq,SAM000183832,2036
RHB7012 scRNA-Seq,SAM000183834,2036
RHB7014 scRNA-Seq,SAM000183836,2036
RHB7017 scRNA-Seq,SAM000183839,2036
RHB7018 scRNA-Seq,SAM000183840,2036
RHB7019 scRNA-Seq,SAM000183841,2036
RHB7020 scRNA-Seq,SAM000183842,2036
RHB7021 scRNA-Seq,SAM000183843,2036
RHB7023 scRNA-Seq,SAM000183845,2036
RHB7025 scRNA-Seq,SAM000183847,2036
RHB7026 scRNA-Seq,SAM000183848,2036
RHB7027 scRNA-Seq,SAM000183849,2036
RHB7028 scRNA-Seq,SAM000183850,2036
RHB7029 scRNA-Seq,SAM000183851,2036
RHB7030 scRNA-Seq,SAM000183852,2036
RHB7031 scRNA-Seq,SAM000183853,2036
RHH4376 scRNA-Seq,SAM000181845,2036
RHH4377 scRNA-Seq,SAM000181846,2036
RHH4378 scRNA-Seq,SAM000181847,2036
RHH4379 scRNA-Seq,SAM000181848,2036
RHH4380 scRNA-Seq,SAM000181849,2036
RHH4381 scRNA-Seq,SAM000181850,2036
RHH4382 scRNA-Seq,SAM000181851,2036
RHH4383 scRNA-Seq,SAM000181852,2036
RHH4384 scRNA-Seq,SAM000181853,2036
RHH4385 scRNA-Seq,SAM000181854,2036
RHH4386 scRNA-Seq,SAM000181855,2036
RHH4387 scRNA-Seq,SAM000181856,2036
RHH4388 scRNA-Seq,SAM000181857,2036
RHH4389 scRNA-Seq,SAM000181858,2036
RHH4390 scRNA-Seq,SAM000181859,2036
RHH4391 scRNA-Seq,SAM000181860,2036
RHH4392 scRNA-Seq,SAM000181861,2036
RHH4393 scRNA-Seq,SAM000181862,2036
RHH4394 scRNA-Seq,SAM000181863,2036
RHH4395 scRNA-Seq,SAM000181864,2036
RHH4396 scRNA-Seq,SAM000181865,2036
RHH4397 scRNA-Seq,SAM000181866,2036
RHH4398 scRNA-Seq,SAM000181867,2036
RHH4399 scRNA-Seq,SAM000181868,2036
RHH4400 scRNA-Seq,SAM000181869,2036
RHH4401 scRNA-Seq,SAM000181870,2036
RHH4402 scRNA-Seq,SAM000181871,2036
RHH4403 scRNA-Seq,SAM000181872,2036
RHH4404 scRNA-Seq,SAM000181873,2036
RHH4405 scRNA-Seq,SAM000181874,2036
RHH4406 scRNA-Seq,SAM000181875,2036
RHH4407 scRNA-Seq,SAM000181876,2036
RHH4408 scRNA-Seq,SAM000181877,2036
RHH4409 scRNA-Seq,SAM000181878,2036
RHH4410 scRNA-Seq,SAM000181879,2036
RHH4411 scRNA-Seq,SAM000181880,2036
RHH4412 scRNA-Seq,SAM000181881,2036
RHH4413 scRNA-Seq,SAM000181882,2036
RHH4414 scRNA-Seq,SAM000181883,2036
RHH4415 scRNA-Seq,SAM000181884,2036
RHH4416 scRNA-Seq,SAM000181885,2036
RHH4418 scRNA-Seq,SAM000181887,2036
RHH4419 scRNA-Seq,SAM000181888,2036
RHH4420 scRNA-Seq,SAM000181889,2036
RHH4421 scRNA-Seq,SAM000181890,2036
RHH4422 scRNA-Seq,SAM000181891,2036
RHH4423 scRNA-Seq,SAM000181892,2036
RHH4424 scRNA-Seq,SAM000181893,2036
RHH4425 scRNA-Seq,SAM000181894,2036
RHH4426 scRNA-Seq,SAM000181895,2036
RHH4427 scRNA-Seq,SAM000181896,2036
RHH4428 scRNA-Seq,SAM000181897,2036
RHH4429 scRNA-Seq,SAM000181898,2036
RHH4430 scRNA-Seq,SAM000181899,2036
RHH4431 scRNA-Seq,SAM000181900,2036
RHH4432 scRNA-Seq,SAM000181901,2036
RHP4433 scRNA-Seq,SAM000182829,2036
RHP4435 scRNA-Seq,SAM000182831,2036
RHP4436 scRNA-Seq,SAM000182832,2036
RHP4437 scRNA-Seq,SAM000182833,2036
RHP4438 scRNA-Seq,SAM000182834,2036
RHP4439 scRNA-Seq,SAM000182835,2036
RHP4440 scRNA-Seq,SAM000182836,2036
RHP4441 scRNA-Seq,SAM000182837,2036
RHP4442 scRNA-Seq,SAM000182838,2036
RHP4443 scRNA-Seq,SAM000182839,2036
RHP4444 scRNA-Seq,SAM000182840,2036
RHP4445 scRNA-Seq,SAM000182841,2036
RHP4446 scRNA-Seq,SAM000182842,2036
RHP4447 scRNA-Seq,SAM000182843,2036
RHP4448 scRNA-Seq,SAM000182844,2036
RHP4449 scRNA-Seq,SAM000182845,2036
RHP4450 scRNA-Seq,SAM000182846,2036
RHP4451 scRNA-Seq,SAM000182847,2036
RHP4452 scRNA-Seq,SAM000182848,2036
RHP4453 scRNA-Seq,SAM000182849,2036
RHP4454 scRNA-Seq,SAM000182850,2036
RHP4455 scRNA-Seq,SAM000182851,2036
RHP4456 scRNA-Seq,SAM000182852,2036
RHP4457 scRNA-Seq,SAM000182853,2036
RHP4458 scRNA-Seq,SAM000182854,2036
RHP4459 scRNA-Seq,SAM000182855,2036
RHP4460 scRNA-Seq,SAM000182856,2036
RHP4461 scRNA-Seq,SAM000182857,2036
RHP4462 scRNA-Seq,SAM000182858,2036
RHP4463 scRNA-Seq,SAM000182859,2036
RHP4464 scRNA-Seq,SAM000182860,2036
RHP4465 scRNA-Seq,SAM000182861,2036
RHP4466 scRNA-Seq,SAM000182862,2036
RHP4469 scRNA-Seq,SAM000182865,2036
RHP4470 scRNA-Seq,SAM000182866,2036
RHP4471 scRNA-Seq,SAM000182867,2036
RHP4472 scRNA-Seq,SAM000182868,2036
RHP4473 scRNA-Seq,SAM000182869,2036
RHP4474 scRNA-Seq,SAM000182870,2036
RHP4475 scRNA-Seq,SAM000182871,2036
RHP4476 scRNA-Seq,SAM000182872,2036
RHP4477 scRNA-Seq,SAM000182873,2036
RHP4478 scRNA-Seq,SAM000182874,2036
RHP4479 scRNA-Seq,SAM000182875,2036
RHP4480 scRNA-Seq,SAM000182876,2036
RHP4481 scRNA-Seq,SAM000182877,2036
RHP4482 scRNA-Seq,SAM000182878,2036
RHP4483 scRNA-Seq,SAM000182879,2036
RHP4484 scRNA-Seq,SAM000182880,2036
RHP4485 scRNA-Seq,SAM000182881,2036
RHP4486 scRNA-Seq,SAM000182882,2036
RHP4487 scRNA-Seq,SAM000182883,2036
RHP4488 scRNA-Seq,SAM000182884,2036
RHP4489 scRNA-Seq,SAM000182885,2036
RHP4490 scRNA-Seq,SAM000182886,2036
RHP4491 scRNA-Seq,SAM000182887,2036
RHP4492 scRNA-Seq,SAM000182888,2036
RHP4493 scRNA-Seq,SAM000182889,2036
RHP4494 scRNA-Seq,SAM000182890,2036
RHP4495 scRNA-Seq,SAM000182891,2036
RHP4496 scRNA-Seq,SAM000182892,2036
RHP4497 scRNA-Seq,SAM000182893,2036
RHP4499 scRNA-Seq,SAM000182895,2036
RHP4500 scRNA-Seq,SAM000182896,2036
RHP4501 scRNA-Seq,SAM000182897,2036
RHP4502 scRNA-Seq,SAM000182898,2036
RHP4503 scRNA-Seq,SAM000182899,2036
RHP4504 scRNA-Seq,SAM000182900,2036
RHP4505 scRNA-Seq,SAM000182901,2036
RHP4506 scRNA-Seq,SAM000182902,2036
RHP4507 scRNA-Seq,SAM000182903,2036
RHP4508 scRNA-Seq,SAM000182904,2036
RHP4509 scRNA-Seq,SAM000182905,2036
RHP4510 scRNA-Seq,SAM000182906,2036
RHP4512 scRNA-Seq,SAM000182908,2036
RHP4513 scRNA-Seq,SAM000182909,2036
RHP4514 scRNA-Seq,SAM000182910,2036
RHP4515 scRNA-Seq,SAM000182911,2036
RHP4516 scRNA-Seq,SAM000182912,2036
RHP4517 scRNA-Seq,SAM000182913,2036
RHP4518 scRNA-Seq,SAM000182914,2036
RHP4519 scRNA-Seq,SAM000182915,2036
RHP4520 scRNA-Seq,SAM000182916,2036
RHP4521 scRNA-Seq,SAM000182917,2036
RHP4522 scRNA-Seq,SAM000182918,2036
RHP4523 scRNA-Seq,SAM000182919,2036
RHP4524 scRNA-Seq,SAM000182920,2036
RHP4525 scRNA-Seq,SAM000182921,2036
RHP4526 scRNA-Seq,SAM000182922,2036
RHP4527 scRNA-Seq,SAM000182923,2036
RHP4528 scRNA-Seq,SAM000182924,2036
RHP4529 scRNA-Seq,SAM000182925,2036
RHP4530 scRNA-Seq,SAM000182926,2036
RHP4531 scRNA-Seq,SAM000182927,2036
RHP4532 scRNA-Seq,SAM000182928,2036
RHP4533 scRNA-Seq,SAM000182929,2036
RHP4534 scRNA-Seq,SAM000182930,2036
RHP4535 scRNA-Seq,SAM000182931,2036
RHP4536 scRNA-Seq,SAM000182932,2036
RHP4537 scRNA-Seq,SAM000182933,2036
RHP4538 scRNA-Seq,SAM000182934,2036
RHP4539 scRNA-Seq,SAM000182935,2036
RHP4540 scRNA-Seq,SAM000182936,2036
RHP4541 scRNA-Seq,SAM000182937,2036
RHP4542 scRNA-Seq,SAM000182938,2036
RHP4543 scRNA-Seq,SAM000182939,2036
RHP4544 scRNA-Seq,SAM000182940,2036
RHP4545 scRNA-Seq,SAM000182941,2036
RHP4546 scRNA-Seq,SAM000182942,2036
RHP4547 scRNA-Seq,SAM000182943,2036
RHP4548 scRNA-Seq,SAM000182944,2036
RHP4549 scRNA-Seq,SAM000182945,2036
RHP4550 scRNA-Seq,SAM000182946,2036
RHP4551 scRNA-Seq,SAM000182947,2036
RHP4552 scRNA-Seq,SAM000182948,2036
RHP4553 scRNA-Seq,SAM000182949,2036
RHP4554 scRNA-Seq,SAM000182950,2036
RHP4555 scRNA-Seq,SAM000182951,2036
RHP4556 scRNA-Seq,SAM000182952,2036
RHP4557 scRNA-Seq,SAM000182953,2036
RHP4558 scRNA-Seq,SAM000182954,2036
RHP4559 scRNA-Seq,SAM000182955,2036
RHP4560 scRNA-Seq,SAM000182956,2036
RHP4561 scRNA-Seq,SAM000182957,2036
RHP4562 scRNA-Seq,SAM000182958,2036
RHP4563 scRNA-Seq,SAM000182959,2036
RHP4564 scRNA-Seq,SAM000182960,2036
RHP4565 scRNA-Seq,SAM000182961,2036
RHP4566 scRNA-Seq,SAM000182962,2036
RHP4567 scRNA-Seq,SAM000182963,2036
RHP4568 scRNA-Seq,SAM000182964,2036
RHP4569 scRNA-Seq,SAM000182965,2036
RHP4570 scRNA-Seq,SAM000182966,2036
RHP4571 scRNA-Seq,SAM000182967,2036
RHP4572 scRNA-Seq,SAM000182968,2036
RHP4573 scRNA-Seq,SAM000182969,2036
RHP4574 scRNA-Seq,SAM000182970,2036
RHP4575 scRNA-Seq,SAM000182971,2036
RHP4576 scRNA-Seq,SAM000182972,2036
RHP4577 scRNA-Seq,SAM000182973,2036
RHP4578 scRNA-Seq,SAM000182974,2036
RHP4579 scRNA-Seq,SAM000182975,2036
RHP4580 scRNA-Seq,SAM000182976,2036
RHP4581 scRNA-Seq,SAM000182977,2036
RHP4582 scRNA-Seq,SAM000182978,2036
RHP4583 scRNA-Seq,SAM000182979,2036
RHP4584 scRNA-Seq,SAM000182980,2036
RHP4585 scRNA-Seq,SAM000182981,2036
RHP4586 scRNA-Seq,SAM000182982,2036
RHP4587 scRNA-Seq,SAM000182983,2036
RHP4588 scRNA-Seq,SAM000182984,2036
RHP4589 scRNA-Seq,SAM000182985,2036
RHP4590 scRNA-Seq,SAM000182986,2036
RHP4591 scRNA-Seq,SAM000182987,2036
RHP4592 scRNA-Seq,SAM000182988,2036
RHP4593 scRNA-Seq,SAM000182989,2036
RHP4594 scRNA-Seq,SAM000182990,2036
RHP4595 scRNA-Seq,SAM000182991,2036
RHP4596 scRNA-Seq,SAM000182992,2036
RHP4597 scRNA-Seq,SAM000182993,2036
RHP4598 scRNA-Seq,SAM000182994,2036
RHP4599 scRNA-Seq,SAM000182995,2036
RHP4601 scRNA-Seq,SAM000182997,2036
RHP4602 scRNA-Seq,SAM000182998,2036
RHP4603 scRNA-Seq,SAM000182999,2036
RHP4604 scRNA-Seq,SAM000183000,2036
RHP4605 scRNA-Seq,SAM000183001,2036
RHP4606 scRNA-Seq,SAM000183002,2036
RHP4607 scRNA-Seq,SAM000183003,2036
RHP4608 scRNA-Seq,SAM000183004,2036
RHP4609 scRNA-Seq,SAM000183005,2036
RHP4610 scRNA-Seq,SAM000183006,2036
RHP4611 scRNA-Seq,SAM000183007,2036
RHP4612 scRNA-Seq,SAM000183008,2036
RHP4613 scRNA-Seq,SAM000183009,2036
RHP4614 scRNA-Seq,SAM000183010,2036
RHP4615 scRNA-Seq,SAM000183011,2036
RHP4616 scRNA-Seq,SAM000183012,2036
RHP4617 scRNA-Seq,SAM000183013,2036
RHP4618 scRNA-Seq,SAM000183014,2036
RHP4619 scRNA-Seq,SAM000183015,2036
RHP4620 scRNA-Seq,SAM000183016,2036
RHP4621 scRNA-Seq,SAM000183017,2036
RHP4622 scRNA-Seq,SAM000183018,2036
RHP4623 scRNA-Seq,SAM000183019,2036
RHP4624 scRNA-Seq,SAM000183020,2036
RHP4625 scRNA-Seq,SAM000183021,2036
RHP4626 scRNA-Seq,SAM000183022,2036
RHP4627 scRNA-Seq,SAM000183023,2036
RHP4628 scRNA-Seq,SAM000183024,2036
RHP4629 scRNA-Seq,SAM000183025,2036
RHP4630 scRNA-Seq,SAM000183026,2036
RHP4631 scRNA-Seq,SAM000183027,2036
RHP4632 scRNA-Seq,SAM000183028,2036
RHP4633 scRNA-Seq,SAM000183029,2036
RHP4634 scRNA-Seq,SAM000183030,2036
RHP4635 scRNA-Seq,SAM000183031,2036
RHP4636 scRNA-Seq,SAM000183032,2036
RHP4637 scRNA-Seq,SAM000183033,2036
RHP4638 scRNA-Seq,SAM000183034,2036
RHP4639 scRNA-Seq,SAM000183035,2036
RHP4640 scRNA-Seq,SAM000183036,2036
RHP4641 scRNA-Seq,SAM000183037,2036
RHP4642 scRNA-Seq,SAM000183038,2036
RHP4643 scRNA-Seq,SAM000183039,2036
RHP4644 scRNA-Seq,SAM000183040,2036
RHP4645 scRNA-Seq,SAM000183041,2036
RHP4646 scRNA-Seq,SAM000183042,2036
RHP4647 scRNA-Seq,SAM000183043,2036
RHP4648 scRNA-Seq,SAM000183044,2036
RHP4649 scRNA-Seq,SAM000183045,2036
RHP4650 scRNA-Seq,SAM000183046,2036
RHP4651 scRNA-Seq,SAM000183047,2036
RHP4652 scRNA-Seq,SAM000183048,2036
RHP4653 scRNA-Seq,SAM000183049,2036
RHP4654 scRNA-Seq,SAM000183050,2036
RHP4655 scRNA-Seq,SAM000183051,2036
RHP4656 scRNA-Seq,SAM000183052,2036
RHP4657 scRNA-Seq,SAM000183053,2036
RHP4658 scRNA-Seq,SAM000183054,2036
RHP4659 scRNA-Seq,SAM000183055,2036
RHP4660 scRNA-Seq,SAM000183056,2036
RHP4661 scRNA-Seq,SAM000183057,2036
RHP4662 scRNA-Seq,SAM000183058,2036
RHP4663 scRNA-Seq,SAM000183059,2036
RHP4664 scRNA-Seq,SAM000183060,2036
RHP4665 scRNA-Seq,SAM000183061,2036
RHP4666 scRNA-Seq,SAM000183062,2036
RHP4667 scRNA-Seq,SAM000183063,2036
RHP4668 scRNA-Seq,SAM000183064,2036
RHP4669 scRNA-Seq,SAM000183065,2036
RHP4670 scRNA-Seq,SAM000183066,2036
RHP4671 scRNA-Seq,SAM000183067,2036
RHP4672 scRNA-Seq,SAM000183068,2036
RHP4673 scRNA-Seq,SAM000183069,2036
RHP4674 scRNA-Seq,SAM000183070,2036
RHP4675 scRNA-Seq,SAM000183071,2036
RHP4676 scRNA-Seq,SAM000183072,2036
RHP4677 scRNA-Seq,SAM000183073,2036
RHP4678 scRNA-Seq,SAM000183074,2036
RHP4679 scRNA-Seq,SAM000183075,2036
RHP4680 scRNA-Seq,SAM000183076,2036
RHP4681 scRNA-Seq,SAM000183077,2036
RHP4682 scRNA-Seq,SAM000183078,2036
RHP4683 scRNA-Seq,SAM000183079,2036
RHP4684 scRNA-Seq,SAM000183080,2036
RHP4685 scRNA-Seq,SAM000183081,2036
RHP4686 scRNA-Seq,SAM000183082,2036
RHP4687 scRNA-Seq,SAM000183083,2036
RHP4688 scRNA-Seq,SAM000183084,2036
RHP4689 scRNA-Seq,SAM000183085,2036
RHP4690 scRNA-Seq,SAM000183086,2036
RHP4691 scRNA-Seq,SAM000183087,2036
RHP4692 scRNA-Seq,SAM000183088,2036
RHP4693 scRNA-Seq,SAM000183089,2036
RHP4694 scRNA-Seq,SAM000183090,2036
RHP4695 scRNA-Seq,SAM000183091,2036
RHP4696 scRNA-Seq,SAM000183092,2036
RHP4697 scRNA-Seq,SAM000183093,2036
RHP4698 scRNA-Seq,SAM000183094,2036
RHP4699 scRNA-Seq,SAM000183095,2036
RHP4700 scRNA-Seq,SAM000183096,2036
RHP4701 scRNA-Seq,SAM000183097,2036
RHP4702 scRNA-Seq,SAM000183098,2036
RHP4703 scRNA-Seq,SAM000183099,2036
RHP4704 scRNA-Seq,SAM000183100,2036
RHP4705 scRNA-Seq,SAM000183101,2036
RHP4706 scRNA-Seq,SAM000183102,2036
RHP4707 scRNA-Seq,SAM000183103,2036
RHP4708 scRNA-Seq,SAM000183104,2036
RHP4709 scRNA-Seq,SAM000183105,2036
RHP4710 scRNA-Seq,SAM000183106,2036
RHP4711 scRNA-Seq,SAM000183107,2036
RHP4712 scRNA-Seq,SAM000183108,2036
RHP4713 scRNA-Seq,SAM000183109,2036
RHP4714 scRNA-Seq,SAM000183110,2036
RHP4715 scRNA-Seq,SAM000183111,2036
RHP4716 scRNA-Seq,SAM000183112,2036
RHP4717 scRNA-Seq,SAM000183113,2036
RHP4718 scRNA-Seq,SAM000183114,2036
RHP4719 scRNA-Seq,SAM000183115,2036
RHP4720 scRNA-Seq,SAM000183116,2036
RHP4721 scRNA-Seq,SAM000183117,2036
RHP4722 scRNA-Seq,SAM000183118,2036
RHP4723 scRNA-Seq,SAM000183119,2036
RHP4724 scRNA-Seq,SAM000183120,2036
RHP4725 scRNA-Seq,SAM000183121,2036
RHP4726 scRNA-Seq,SAM000183122,2036
RHP4727 scRNA-Seq,SAM000183123,2036
RHP4728 scRNA-Seq,SAM000183124,2036
RHP4729 scRNA-Seq,SAM000183125,2036
RHP4730 scRNA-Seq,SAM000183126,2036
RHP4731 scRNA-Seq,SAM000183127,2036
RHP4732 scRNA-Seq,SAM000183128,2036
RHP4733 scRNA-Seq,SAM000183129,2036
RHP4734 scRNA-Seq,SAM000183130,2036
RHP4735 scRNA-Seq,SAM000183131,2036
RHP4736 scRNA-Seq,SAM000183132,2036
RHP4737 scRNA-Seq,SAM000183133,2036
RHP4738 scRNA-Seq,SAM000183134,2036
RHP4739 scRNA-Seq,SAM000183135,2036
RHP4740 scRNA-Seq,SAM000183136,2036
RHP4741 scRNA-Seq,SAM000183137,2036
RHP4742 scRNA-Seq,SAM000183138,2036
RHP4743 scRNA-Seq,SAM000183139,2036
RHP4744 scRNA-Seq,SAM000183140,2036
RHP4745 scRNA-Seq,SAM000183141,2036
RHP4746 scRNA-Seq,SAM000183142,2036
RHP4747 scRNA-Seq,SAM000183143,2036
RHP4748 scRNA-Seq,SAM000183144,2036
RHP4749 scRNA-Seq,SAM000183145,2036
RHP4750 scRNA-Seq,SAM000183146,2036
RHP4751 scRNA-Seq,SAM000183147,2036
RHP4752 scRNA-Seq,SAM000183148,2036
RHP4753 scRNA-Seq,SAM000183149,2036
RHP4754 scRNA-Seq,SAM000183150,2036
RHP4755 scRNA-Seq,SAM000183151,2036
RHP4756 scRNA-Seq,SAM000183152,2036
RHP4759 scRNA-Seq,SAM000183155,2036
RHP4760 scRNA-Seq,SAM000183156,2036
RHP4761 scRNA-Seq,SAM000183157,2036
RHP4762 scRNA-Seq,SAM000183158,2036
RHP4763 scRNA-Seq,SAM000183159,2036
RHP4765 scRNA-Seq,SAM000183161,2036
RHP4766 scRNA-Seq,SAM000183162,2036
RHP4767 scRNA-Seq,SAM000183163,2036
RHP4768 scRNA-Seq,SAM000183164,2036
RHP4769 scRNA-Seq,SAM000183165,2036
RHP4770 scRNA-Seq,SAM000183166,2036
RHP4771 scRNA-Seq,SAM000183167,2036
RHP4772 scRNA-Seq,SAM000183168,2036
RHP4773 scRNA-Seq,SAM000183169,2036
RHP4774 scRNA-Seq,SAM000183170,2036
RHP4775 scRNA-Seq,SAM000183171,2036
RHP4776 scRNA-Seq,SAM000183172,2036
RHP4777 scRNA-Seq,SAM000183173,2036
RHP4778 scRNA-Seq,SAM000183174,2036
RHP4779 scRNA-Seq,SAM000183175,2036
RHP4780 scRNA-Seq,SAM000183176,2036
RHP4781 scRNA-Seq,SAM000183177,2036
RHP4782 scRNA-Seq,SAM000183178,2036
RHP4783 scRNA-Seq,SAM000183179,2036
RHP4784 scRNA-Seq,SAM000183180,2036
RHP4785 scRNA-Seq,SAM000183181,2036
RHP4786 scRNA-Seq,SAM000183182,2036
RHP4787 scRNA-Seq,SAM000183183,2036
RHP4788 scRNA-Seq,SAM000183184,2036
RHP4789 scRNA-Seq,SAM000183185,2036
RHP4790 scRNA-Seq,SAM000183186,2036
RHP4791 scRNA-Seq,SAM000183187,2036
RHP4792 scRNA-Seq,SAM000183188,2036
RHP4793 scRNA-Seq,SAM000183189,2036
RHP4795 scRNA-Seq,SAM000183191,2036
RHP4796 scRNA-Seq,SAM000183192,2036
RHP4797 scRNA-Seq,SAM000183193,2036
RHP4798 scRNA-Seq,SAM000183194,2036
RHP4799 scRNA-Seq,SAM000183195,2036
RHP4800 scRNA-Seq,SAM000183196,2036
RHP4801 scRNA-Seq,SAM000183197,2036
RHP4802 scRNA-Seq,SAM000183198,2036
RHP4803 scRNA-Seq,SAM000183199,2036
RHP4804 scRNA-Seq,SAM000183200,2036
RHP4805 scRNA-Seq,SAM000183201,2036
RHP4806 scRNA-Seq,SAM000183202,2036
RHP4807 scRNA-Seq,SAM000183203,2036
RHP4808 scRNA-Seq,SAM000183204,2036
RHP4809 scRNA-Seq,SAM000183205,2036
RHP4810 scRNA-Seq,SAM000183206,2036
RHP4811 scRNA-Seq,SAM000183207,2036
RHP4812 scRNA-Seq,SAM000183208,2036
RHP4813 scRNA-Seq,SAM000183209,2036
RHP4814 scRNA-Seq,SAM000183210,2036
RHP4815 scRNA-Seq,SAM000183211,2036
RHP4816 scRNA-Seq,SAM000183212,2036
RHP4817 scRNA-Seq,SAM000183213,2036
RHP4818 scRNA-Seq,SAM000183214,2036
RHP4819 scRNA-Seq,SAM000183215,2036
RHP4820 scRNA-Seq,SAM000183216,2036
RHP4821 scRNA-Seq,SAM000183217,2036
RHP4822 scRNA-Seq,SAM000183218,2036
RHP4823 scRNA-Seq,SAM000183219,2036
RHP4824 scRNA-Seq,SAM000183220,2036
RHP4825 scRNA-Seq,SAM000183221,2036
RHP4826 scRNA-Seq,SAM000183222,2036
RHP4827 scRNA-Seq,SAM000183223,2036
RHP4828 scRNA-Seq,SAM000183224,2036
RHP4829 scRNA-Seq,SAM000183225,2036
RHP4830 scRNA-Seq,SAM000183226,2036
RHP4831 scRNA-Seq,SAM000183227,2036
RHP4832 scRNA-Seq,SAM000183228,2036
RHP4833 scRNA-Seq,SAM000183229,2036
RHP4834 scRNA-Seq,SAM000183230,2036
RHP4835 scRNA-Seq,SAM000183231,2036
RHP4836 scRNA-Seq,SAM000183232,2036
RHP4837 scRNA-Seq,SAM000183233,2036
RHP4838 scRNA-Seq,SAM000183234,2036
RHP4839 scRNA-Seq,SAM000183235,2036
RHP4840 scRNA-Seq,SAM000183236,2036
RHP4841 scRNA-Seq,SAM000183237,2036
RHP4842 scRNA-Seq,SAM000183238,2036
RHP4843 scRNA-Seq,SAM000183239,2036
RHP4844 scRNA-Seq,SAM000183240,2036
RHP4845 scRNA-Seq,SAM000183241,2036
RHP4846 scRNA-Seq,SAM000183242,2036
RHP4847 scRNA-Seq,SAM000183243,2036
RHP4848 scRNA-Seq,SAM000183244,2036
RHP4849 scRNA-Seq,SAM000183245,2036
RHP4850 scRNA-Seq,SAM000183246,2036
RHP4851 scRNA-Seq,SAM000183247,2036
RHP4852 scRNA-Seq,SAM000183248,2036
RHP4853 scRNA-Seq,SAM000183249,2036
RHP4854 scRNA-Seq,SAM000183250,2036
RHP4855 scRNA-Seq,SAM000183251,2036
RHP4856 scRNA-Seq,SAM000183252,2036
RHP4857 scRNA-Seq,SAM000183253,2036
RHP4858 scRNA-Seq,SAM000183254,2036
RHP4859 scRNA-Seq,SAM000183255,2036
RHP4860 scRNA-Seq,SAM000183256,2036
RHP4861 scRNA-Seq,SAM000183257,2036
RHP4862 scRNA-Seq,SAM000183258,2036
RHP4863 scRNA-Seq,SAM000183259,2036
RHP4864 scRNA-Seq,SAM000183260,2036
RHP4865 scRNA-Seq,SAM000183261,2036
RHP4866 scRNA-Seq,SAM000183262,2036
RHP4867 scRNA-Seq,SAM000183263,2036
RHP4868 scRNA-Seq,SAM000183264,2036
RHP4869 scRNA-Seq,SAM000183265,2036
RHP4870 scRNA-Seq,SAM000183266,2036
RHP4871 scRNA-Seq,SAM000183267,2036
RHP4872 scRNA-Seq,SAM000183268,2036
RHP4873 scRNA-Seq,SAM000183269,2036
RHP4874 scRNA-Seq,SAM000183270,2036
RHP4875 scRNA-Seq,SAM000183271,2036
RHP4876 scRNA-Seq,SAM000183272,2036
RHP4877 scRNA-Seq,SAM000183273,2036
RHP4878 scRNA-Seq,SAM000183274,2036
RHP4879 scRNA-Seq,SAM000183275,2036
RHP4880 scRNA-Seq,SAM000183276,2036
RHP4881 scRNA-Seq,SAM000183277,2036
RHP4882 scRNA-Seq,SAM000183278,2036
RHP4883 scRNA-Seq,SAM000183279,2036
RHP4884 scRNA-Seq,SAM000183280,2036
RHP4885 scRNA-Seq,SAM000183281,2036
RHP4886 scRNA-Seq,SAM000183282,2036
RHP4887 scRNA-Seq,SAM000183283,2036
RHP4888 scRNA-Seq,SAM000183284,2036
RHP4889 scRNA-Seq,SAM000183285,2036
RHP4890 scRNA-Seq,SAM000183286,2036
RHP4891 scRNA-Seq,SAM000183287,2036
RHP4968 scRNA-Seq,SAM000183364,2036
RHP4969 scRNA-Seq,SAM000183365,2036
RHP4970 scRNA-Seq,SAM000183366,2036
RHP4971 scRNA-Seq,SAM000183367,2036
RHP4972 scRNA-Seq,SAM000183368,2036
RHP4973 scRNA-Seq,SAM000183369,2036
RHP4974 scRNA-Seq,SAM000183370,2036
RHP4975 scRNA-Seq,SAM000183371,2036
RHP4977 scRNA-Seq,SAM000183373,2036
RHP4978 scRNA-Seq,SAM000183374,2036
RHP4979 scRNA-Seq,SAM000183375,2036
RHP4980 scRNA-Seq,SAM000183376,2036
RHP4981 scRNA-Seq,SAM000183377,2036
RHP4982 scRNA-Seq,SAM000183378,2036
RHP4983 scRNA-Seq,SAM000183379,2036
RHP4984 scRNA-Seq,SAM000183380,2036
RHP4987 scRNA-Seq,SAM000183383,2036
RHP4988 scRNA-Seq,SAM000183384,2036
RHP4989 scRNA-Seq,SAM000183385,2036
RHP4990 scRNA-Seq,SAM000183386,2036
RHP4991 scRNA-Seq,SAM000183387,2036
RHP4992 scRNA-Seq,SAM000183388,2036
RHP4993 scRNA-Seq,SAM000183389,2036
RHP4994 scRNA-Seq,SAM000183390,2036
RHP4995 scRNA-Seq,SAM000183391,2036
RHP4996 scRNA-Seq,SAM000183392,2036
RHP4997 scRNA-Seq,SAM000183393,2036
RHP4998 scRNA-Seq,SAM000183394,2036
RHP4999 scRNA-Seq,SAM000183395,2036
RHP5000 scRNA-Seq,SAM000183396,2036
RHP5001 scRNA-Seq,SAM000183397,2036
RHP5002 scRNA-Seq,SAM000183398,2036
RHP5003 scRNA-Seq,SAM000183399,2036
RHP5004 scRNA-Seq,SAM000183400,2036
RHP5005 scRNA-Seq,SAM000183401,2036
RHP5007 scRNA-Seq,SAM000183403,2036
RHP5009 scRNA-Seq,SAM000183405,2036
RHP5010 scRNA-Seq,SAM000183406,2036
RHP5011 scRNA-Seq,SAM000183407,2036
RHP5012 scRNA-Seq,SAM000183408,2036
RHP5013 scRNA-Seq,SAM000183409,2036
RHP5014 scRNA-Seq,SAM000183410,2036
RHP5015 scRNA-Seq,SAM000183411,2036
RHP5016 scRNA-Seq,SAM000183412,2036
RHP5017 scRNA-Seq,SAM000183413,2036
RHP5018 scRNA-Seq,SAM000183414,2036
RHP5019 scRNA-Seq,SAM000183415,2036
RHP5020 scRNA-Seq,SAM000183416,2036
RHP5021 scRNA-Seq,SAM000183417,2036
RHP5022 scRNA-Seq,SAM000183418,2036
RHP5024 scRNA-Seq,SAM000183420,2036
RHP5025 scRNA-Seq,SAM000183421,2036
RHP5026 scRNA-Seq,SAM000183422,2036
RHP5027 scRNA-Seq,SAM000183423,2036
RHP5028 scRNA-Seq,SAM000183424,2036
RHP5029 scRNA-Seq,SAM000183425,2036
RHP5030 scRNA-Seq,SAM000183426,2036
RHP5031 scRNA-Seq,SAM000183427,2036
RHP5032 scRNA-Seq,SAM000183428,2036
RHP5033 scRNA-Seq,SAM000183429,2036
RHP5034 scRNA-Seq,SAM000183430,2036
RHP5035 scRNA-Seq,SAM000183431,2036
RHP5036 scRNA-Seq,SAM000183432,2036
RHP5037 scRNA-Seq,SAM000183433,2036
RHP5038 scRNA-Seq,SAM000183434,2036
RHP5040 scRNA-Seq,SAM000183436,2036
RHP5041 scRNA-Seq,SAM000183437,2036
RHP5042 scRNA-Seq,SAM000183438,2036
RHP5043 scRNA-Seq,SAM000183439,2036
RHP5044 scRNA-Seq,SAM000183440,2036
RHP5045 scRNA-Seq,SAM000183441,2036
RHP5046 scRNA-Seq,SAM000183442,2036
RHP5047 scRNA-Seq,SAM000183443,2036
RHP5048 scRNA-Seq,SAM000183444,2036
RHP5049 scRNA-Seq,SAM000183445,2036
RHP5050 scRNA-Seq,SAM000183446,2036
RHP5051 scRNA-Seq,SAM000183447,2036
RHP5052 scRNA-Seq,SAM000183448,2036
RHP5053 scRNA-Seq,SAM000183449,2036
RHP5054 scRNA-Seq,SAM000183450,2036
RHP5055 scRNA-Seq,SAM000183451,2036
RHP5056 scRNA-Seq,SAM000183452,2036
RHP5057 scRNA-Seq,SAM000183453,2036
RHP5058 scRNA-Seq,SAM000183454,2036
RHP5059 scRNA-Seq,SAM000183455,2036
RHP5060 scRNA-Seq,SAM000183456,2036
RHP5061 scRNA-Seq,SAM000183457,2036
RHP5062 scRNA-Seq,SAM000183458,2036
RHP5063 scRNA-Seq,SAM000183459,2036
RHP5064 scRNA-Seq,SAM000183460,2036
RHP5065 scRNA-Seq,SAM000183461,2036
RHP5066 scRNA-Seq,SAM000183462,2036
RHP5067 scRNA-Seq,SAM000183463,2036
RHP5068 scRNA-Seq,SAM000183464,2036
RHP5069 scRNA-Seq,SAM000183465,2036
RHP5070 scRNA-Seq,SAM000183466,2036
RHP5071 scRNA-Seq,SAM000183467,2036
RHP5072 scRNA-Seq,SAM000183468,2036
RHP5073 scRNA-Seq,SAM000183469,2036
RHP5075 scRNA-Seq,SAM000183471,2036
RHP5076 scRNA-Seq,SAM000183472,2036
RHP5077 scRNA-Seq,SAM000183473,2036
RHP5078 scRNA-Seq,SAM000183474,2036
RHP5079 scRNA-Seq,SAM000183475,2036
RHP5080 scRNA-Seq,SAM000183476,2036
RHP5081 scRNA-Seq,SAM000183477,2036
RHP5082 scRNA-Seq,SAM000183478,2036
RHP5083 scRNA-Seq,SAM000183479,2036
RHP5084 scRNA-Seq,SAM000183480,2036
RHP5085 scRNA-Seq,SAM000183481,2036
RHP5086 scRNA-Seq,SAM000183482,2036
RHP5087 scRNA-Seq,SAM000183483,2036
RHP5088 scRNA-Seq,SAM000183484,2036
RHP5089 scRNA-Seq,SAM000183485,2036
RHP5090 scRNA-Seq,SAM000183486,2036
RHP5091 scRNA-Seq,SAM000183487,2036
RHP5092 scRNA-Seq,SAM000183488,2036
RHP5093 scRNA-Seq,SAM000183489,2036
RHP5094 scRNA-Seq,SAM000183490,2036
RHP5095 scRNA-Seq,SAM000183491,2036
RHP5096 scRNA-Seq,SAM000183492,2036
RHP5097 scRNA-Seq,SAM000183493,2036
RHP5098 scRNA-Seq,SAM000183494,2036
RHP5099 scRNA-Seq,SAM000183495,2036
RHP5101 scRNA-Seq,SAM000183497,2036
RHP5102 scRNA-Seq,SAM000183498,2036
RHP5103 scRNA-Seq,SAM000183499,2036
RHP5104 scRNA-Seq,SAM000183500,2036
RHP5105 scRNA-Seq,SAM000183501,2036
RHP5106 scRNA-Seq,SAM000183502,2036
RHP5107 scRNA-Seq,SAM000183503,2036
RHP5108 scRNA-Seq,SAM000183504,2036
RHP5109 scRNA-Seq,SAM000183505,2036
RHP5110 scRNA-Seq,SAM000183506,2036
RHP5111 scRNA-Seq,SAM000183507,2036
RHP5112 scRNA-Seq,SAM000183508,2036
RHP5113 scRNA-Seq,SAM000183509,2036
RHP5114 scRNA-Seq,SAM000183510,2036
RHP5115 scRNA-Seq,SAM000183511,2036
RHP5116 scRNA-Seq,SAM000183512,2036
RHP5117 scRNA-Seq,SAM000183513,2036
RHP5118 scRNA-Seq,SAM000183514,2036
RHP5119 scRNA-Seq,SAM000183515,2036
RHP5120 scRNA-Seq,SAM000183516,2036
RHP5121 scRNA-Seq,SAM000183517,2036
RHP5122 scRNA-Seq,SAM000183518,2036
RHP5123 scRNA-Seq,SAM000183519,2036
RHP5124 scRNA-Seq,SAM000183520,2036
RHP5125 scRNA-Seq,SAM000183521,2036
RHP5126 scRNA-Seq,SAM000183522,2036
RHP5127 scRNA-Seq,SAM000183523,2036
RHP5128 scRNA-Seq,SAM000183524,2036
RHP5129 scRNA-Seq,SAM000183525,2036
RHP5130 scRNA-Seq,SAM000183526,2036
RHP5131 scRNA-Seq,SAM000183527,2036
RHP5132 scRNA-Seq,SAM000183528,2036
RHP5134 scRNA-Seq,SAM000183530,2036
RHP5135 scRNA-Seq,SAM000183531,2036
RHP5137 scRNA-Seq,SAM000183533,2036
RHP5138 scRNA-Seq,SAM000183534,2036
RHP5139 scRNA-Seq,SAM000183535,2036
RHP5140 scRNA-Seq,SAM000183536,2036
RHP5141 scRNA-Seq,SAM000183537,2036
RHP5142 scRNA-Seq,SAM000183538,2036
RHM5691 scRNA-Seq,SAM000182536,2036
RHM5692 scRNA-Seq,SAM000182537,2036
RHM5693 scRNA-Seq,SAM000182538,2036
RHM5694 scRNA-Seq,SAM000182539,2036
RHM5695 scRNA-Seq,SAM000182540,2036
RHM5696 scRNA-Seq,SAM000182541,2036
RHM5697 scRNA-Seq,SAM000182542,2036
RHM5698 scRNA-Seq,SAM000182543,2036
RHM5699 scRNA-Seq,SAM000182544,2036
RHM5700 scRNA-Seq,SAM000182545,2036
RHM5701 scRNA-Seq,SAM000182546,2036
RHM5702 scRNA-Seq,SAM000182547,2036
RHM5703 scRNA-Seq,SAM000182548,2036
RHM5704 scRNA-Seq,SAM000182549,2036
RHM5705 scRNA-Seq,SAM000182550,2036
RHM5706 scRNA-Seq,SAM000182551,2036
RHM5707 scRNA-Seq,SAM000182552,2036
RHM5708 scRNA-Seq,SAM000182553,2036
RHM5709 scRNA-Seq,SAM000182554,2036
RHM5710 scRNA-Seq,SAM000182555,2036
RHM5711 scRNA-Seq,SAM000182556,2036
RHM5712 scRNA-Seq,SAM000182557,2036
RHM5713 scRNA-Seq,SAM000182558,2036
RHM5714 scRNA-Seq,SAM000182559,2036
RHM5715 scRNA-Seq,SAM000182560,2036
RHM5717 scRNA-Seq,SAM000182562,2036
RHM5718 scRNA-Seq,SAM000182563,2036
RHM5719 scRNA-Seq,SAM000182564,2036
RHM5720 scRNA-Seq,SAM000182565,2036
RHM5721 scRNA-Seq,SAM000182566,2036
RHM5722 scRNA-Seq,SAM000182567,2036
RHM5723 scRNA-Seq,SAM000182568,2036
RHM5724 scRNA-Seq,SAM000182569,2036
RHM5725 scRNA-Seq,SAM000182570,2036
RHM5726 scRNA-Seq,SAM000182571,2036
RHM5727 scRNA-Seq,SAM000182572,2036
RHM5728 scRNA-Seq,SAM000182573,2036
RHM5729 scRNA-Seq,SAM000182574,2036
RHM5730 scRNA-Seq,SAM000182575,2036
RHM5732 scRNA-Seq,SAM000182577,2036
RHM5733 scRNA-Seq,SAM000182578,2036
RHM5734 scRNA-Seq,SAM000182579,2036
RHM5735 scRNA-Seq,SAM000182580,2036
RHM5736 scRNA-Seq,SAM000182581,2036
RHM5738 scRNA-Seq,SAM000182583,2036
RHM5739 scRNA-Seq,SAM000182584,2036
RHM5740 scRNA-Seq,SAM000182585,2036
RHM5741 scRNA-Seq,SAM000182586,2036
RHM5742 scRNA-Seq,SAM000182587,2036
RHM5743 scRNA-Seq,SAM000182588,2036
RHM5744 scRNA-Seq,SAM000182589,2036
RHM5745 scRNA-Seq,SAM000182590,2036
RHM5747 scRNA-Seq,SAM000182592,2036
RHM5748 scRNA-Seq,SAM000182593,2036
RHM5749 scRNA-Seq,SAM000182594,2036
RHM5750 scRNA-Seq,SAM000182595,2036
RHM5751 scRNA-Seq,SAM000182596,2036
RHM5752 scRNA-Seq,SAM000182597,2036
RHM5753 scRNA-Seq,SAM000182598,2036
RHM5754 scRNA-Seq,SAM000182599,2036
RHM5755 scRNA-Seq,SAM000182600,2036
RHM5756 scRNA-Seq,SAM000182601,2036
RHM5757 scRNA-Seq,SAM000182602,2036
RHM5758 scRNA-Seq,SAM000182603,2036
RHM5759 scRNA-Seq,SAM000182604,2036
RHM5760 scRNA-Seq,SAM000182605,2036
RHM5761 scRNA-Seq,SAM000182606,2036
RHM5762 scRNA-Seq,SAM000182607,2036
RHM5763 scRNA-Seq,SAM000182608,2036
RHM5764 scRNA-Seq,SAM000182609,2036
RHM5766 scRNA-Seq,SAM000182611,2036
RHM5767 scRNA-Seq,SAM000182612,2036
RHM5787 scRNA-Seq,SAM000182613,2036
RHM5788 scRNA-Seq,SAM000182614,2036
RHM5789 scRNA-Seq,SAM000182615,2036
RHM5790 scRNA-Seq,SAM000182616,2036
RHM5791 scRNA-Seq,SAM000182617,2036
RHM5792 scRNA-Seq,SAM000182618,2036
RHM5793 scRNA-Seq,SAM000182619,2036
RHM5794 scRNA-Seq,SAM000182620,2036
RHM5796 scRNA-Seq,SAM000182622,2036
RHM5797 scRNA-Seq,SAM000182623,2036
RHM5798 scRNA-Seq,SAM000182624,2036
RHM5799 scRNA-Seq,SAM000182625,2036
RHM5800 scRNA-Seq,SAM000182626,2036
RHM5801 scRNA-Seq,SAM000182627,2036
RHM5802 scRNA-Seq,SAM000182628,2036
RHM5803 scRNA-Seq,SAM000182629,2036
RHM5804 scRNA-Seq,SAM000182630,2036
RHM5805 scRNA-Seq,SAM000182631,2036
RHM5806 scRNA-Seq,SAM000182632,2036
RHM5807 scRNA-Seq,SAM000182633,2036
RHM5808 scRNA-Seq,SAM000182634,2036
RHM5809 scRNA-Seq,SAM000182635,2036
RHM5811 scRNA-Seq,SAM000182637,2036
RHM5812 scRNA-Seq,SAM000182638,2036
RHM5813 scRNA-Seq,SAM000182639,2036
RHM5814 scRNA-Seq,SAM000182640,2036
RHM5815 scRNA-Seq,SAM000182641,2036
RHM5817 scRNA-Seq,SAM000182643,2036
RHM5819 scRNA-Seq,SAM000182645,2036
RHM5820 scRNA-Seq,SAM000182646,2036
RHM5821 scRNA-Seq,SAM000182647,2036
RHM5822 scRNA-Seq,SAM000182648,2036
RHM5823 scRNA-Seq,SAM000182649,2036
RHM5824 scRNA-Seq,SAM000182650,2036
RHM5825 scRNA-Seq,SAM000182651,2036
RHM5826 scRNA-Seq,SAM000182652,2036
RHM5827 scRNA-Seq,SAM000182653,2036
RHM5828 scRNA-Seq,SAM000182654,2036
RHM5829 scRNA-Seq,SAM000182655,2036
RHM5830 scRNA-Seq,SAM000182656,2036
RHM5831 scRNA-Seq,SAM000182657,2036
RHM5832 scRNA-Seq,SAM000182658,2036
RHM5834 scRNA-Seq,SAM000182660,2036
RHM5835 scRNA-Seq,SAM000182661,2036
RHM5836 scRNA-Seq,SAM000182662,2036
RHM5837 scRNA-Seq,SAM000182663,2036
RHM5838 scRNA-Seq,SAM000182664,2036
RHM5839 scRNA-Seq,SAM000182665,2036
RHM5840 scRNA-Seq,SAM000182666,2036
RHM5841 scRNA-Seq,SAM000182667,2036
RHM5842 scRNA-Seq,SAM000182668,2036
RHM5843 scRNA-Seq,SAM000182669,2036
RHM5844 scRNA-Seq,SAM000182670,2036
RHM5845 scRNA-Seq,SAM000182671,2036
RHM5848 scRNA-Seq,SAM000182674,2036
RHM5849 scRNA-Seq,SAM000182675,2036
RHM5851 scRNA-Seq,SAM000182677,2036
RHM5852 scRNA-Seq,SAM000182678,2036
RHM5853 scRNA-Seq,SAM000182679,2036
RHM5854 scRNA-Seq,SAM000182680,2036
RHM5855 scRNA-Seq,SAM000182681,2036
RHM5856 scRNA-Seq,SAM000182682,2036
RHM5857 scRNA-Seq,SAM000182683,2036
RHM5858 scRNA-Seq,SAM000182684,2036
RHM5859 scRNA-Seq,SAM000182685,2036
RHM5860 scRNA-Seq,SAM000182686,2036
RHM5861 scRNA-Seq,SAM000182687,2036
RHM5862 scRNA-Seq,SAM000182688,2036
RHM5863 scRNA-Seq,SAM000182689,2036
RHM5864 scRNA-Seq,SAM000182690,2036
RHM5865 scRNA-Seq,SAM000182691,2036
RHM5866 scRNA-Seq,SAM000182692,2036
RHM5867 scRNA-Seq,SAM000182693,2036
RHM5868 scRNA-Seq,SAM000182694,2036
RHM5869 scRNA-Seq,SAM000182695,2036
RHM5870 scRNA-Seq,SAM000182696,2036
RHM5871 scRNA-Seq,SAM000182697,2036
RHM5872 scRNA-Seq,SAM000182698,2036
RHM5873 scRNA-Seq,SAM000182699,2036
RHM5874 scRNA-Seq,SAM000182700,2036
RHM5875 scRNA-Seq,SAM000182701,2036
RHM5876 scRNA-Seq,SAM000182702,2036
RHM5877 scRNA-Seq,SAM000182703,2036
RHM5878 scRNA-Seq,SAM000182704,2036
RHM5879 scRNA-Seq,SAM000182705,2036
RHM5881 scRNA-Seq,SAM000182707,2036
RHM5882 scRNA-Seq,SAM000182708,2036
RHO1135 scRNA-Seq,SAM000183854,2036
RHO1136 scRNA-Seq,SAM000183855,2036
RHO1137 scRNA-Seq,SAM000183856,2036
RHO1139 scRNA-Seq,SAM000183858,2036
RHO1140 scRNA-Seq,SAM000183859,2036
RHO1141 scRNA-Seq,SAM000183860,2036
RHO1142 scRNA-Seq,SAM000183861,2036
RHO1143 scRNA-Seq,SAM000183862,2036
RHO1144 scRNA-Seq,SAM000183863,2036
RHO1146 scRNA-Seq,SAM000183865,2036
RHO1147 scRNA-Seq,SAM000183866,2036
RHO1149 scRNA-Seq,SAM000183868,2036
RHO1152 scRNA-Seq,SAM000183871,2036
RHO1153 scRNA-Seq,SAM000183872,2036
RHO1154 scRNA-Seq,SAM000183873,2036
RHO1155 scRNA-Seq,SAM000183874,2036
RHO1158 scRNA-Seq,SAM000183877,2036
RHO1160 scRNA-Seq,SAM000183879,2036
RHO1164 scRNA-Seq,SAM000183883,2036
RHP3986 scRNA-Seq,SAM000182709,2036
RHP3987 scRNA-Seq,SAM000182710,2036
RHP3988 scRNA-Seq,SAM000182711,2036
RHP3989 scRNA-Seq,SAM000182712,2036
RHP3990 scRNA-Seq,SAM000182713,2036
RHP3991 scRNA-Seq,SAM000182714,2036
RHP3992 scRNA-Seq,SAM000182715,2036
RHP3993 scRNA-Seq,SAM000182716,2036
RHP3994 scRNA-Seq,SAM000182717,2036
RHP3995 scRNA-Seq,SAM000182718,2036
RHP3997 scRNA-Seq,SAM000182720,2036
RHP3999 scRNA-Seq,SAM000182722,2036
RHP4000 scRNA-Seq,SAM000182723,2036
RHP4001 scRNA-Seq,SAM000182724,2036
RHP4002 scRNA-Seq,SAM000182725,2036
RHP4003 scRNA-Seq,SAM000182726,2036
RHP4004 scRNA-Seq,SAM000182727,2036
RHP4005 scRNA-Seq,SAM000182728,2036
RHP4006 scRNA-Seq,SAM000182729,2036
RHP4007 scRNA-Seq,SAM000182730,2036
RHP4008 scRNA-Seq,SAM000182731,2036
RHP4009 scRNA-Seq,SAM000182732,2036
RHP4010 scRNA-Seq,SAM000182733,2036
RHP4011 scRNA-Seq,SAM000182734,2036
RHP4012 scRNA-Seq,SAM000182735,2036
RHP4013 scRNA-Seq,SAM000182736,2036
RHP4051 scRNA-Seq,SAM000182737,2036
RHP4052 scRNA-Seq,SAM000182738,2036
RHP4053 scRNA-Seq,SAM000182739,2036
RHP4054 scRNA-Seq,SAM000182740,2036
RHP4055 scRNA-Seq,SAM000182741,2036
RHP4056 scRNA-Seq,SAM000182742,2036
RHP4057 scRNA-Seq,SAM000182743,2036
RHP4058 scRNA-Seq,SAM000182744,2036
RHP4059 scRNA-Seq,SAM000182745,2036
RHP4060 scRNA-Seq,SAM000182746,2036
RHP4061 scRNA-Seq,SAM000182747,2036
RHP4062 scRNA-Seq,SAM000182748,2036
RHP4063 scRNA-Seq,SAM000182749,2036
RHP4064 scRNA-Seq,SAM000182750,2036
RHP4065 scRNA-Seq,SAM000182751,2036
RHP4066 scRNA-Seq,SAM000182752,2036
RHP4067 scRNA-Seq,SAM000182753,2036
RHP4068 scRNA-Seq,SAM000182754,2036
RHP4069 scRNA-Seq,SAM000182755,2036
RHP4070 scRNA-Seq,SAM000182756,2036
RHP4071 scRNA-Seq,SAM000182757,2036
RHP4072 scRNA-Seq,SAM000182758,2036
RHP4073 scRNA-Seq,SAM000182759,2036
RHP4074 scRNA-Seq,SAM000182760,2036
RHP4075 scRNA-Seq,SAM000182761,2036
RHP4076 scRNA-Seq,SAM000182762,2036
RHP4077 scRNA-Seq,SAM000182763,2036
RHP4078 scRNA-Seq,SAM000182764,2036
RHP4079 scRNA-Seq,SAM000182765,2036
RHP4080 scRNA-Seq,SAM000182766,2036
RHP4081 scRNA-Seq,SAM000182767,2036
RHP4084 scRNA-Seq,SAM000182770,2036
RHP4085 scRNA-Seq,SAM000182771,2036
RHP4086 scRNA-Seq,SAM000182772,2036
RHP4087 scRNA-Seq,SAM000182773,2036
RHP4088 scRNA-Seq,SAM000182774,2036
RHP4089 scRNA-Seq,SAM000182775,2036
RHP4090 scRNA-Seq,SAM000182776,2036
RHP4091 scRNA-Seq,SAM000182777,2036
RHP4092 scRNA-Seq,SAM000182778,2036
RHP4093 scRNA-Seq,SAM000182779,2036
RHP4094 scRNA-Seq,SAM000182780,2036
RHP4095 scRNA-Seq,SAM000182781,2036
RHP4096 scRNA-Seq,SAM000182782,2036
RHP4097 scRNA-Seq,SAM000182783,2036
RHP4098 scRNA-Seq,SAM000182784,2036
RHP4099 scRNA-Seq,SAM000182785,2036
RHP4100 scRNA-Seq,SAM000182786,2036
RHP4101 scRNA-Seq,SAM000182787,2036
RHP4102 scRNA-Seq,SAM000182788,2036
RHP4103 scRNA-Seq,SAM000182789,2036
RHP4104 scRNA-Seq,SAM000182790,2036
RHP4105 scRNA-Seq,SAM000182791,2036
RHP4106 scRNA-Seq,SAM000182792,2036
RHP4107 scRNA-Seq,SAM000182793,2036
RHP4108 scRNA-Seq,SAM000182794,2036
RHP4109 scRNA-Seq,SAM000182795,2036
RHP4110 scRNA-Seq,SAM000182796,2036
RHP4111 scRNA-Seq,SAM000182797,2036
RHP4112 scRNA-Seq,SAM000182798,2036
RHP4113 scRNA-Seq,SAM000182799,2036
RHP4114 scRNA-Seq,SAM000182800,2036
RHP4115 scRNA-Seq,SAM000182801,2036
RHP4116 scRNA-Seq,SAM000182802,2036
RHP4117 scRNA-Seq,SAM000182803,2036
RHP4118 scRNA-Seq,SAM000182804,2036
RHP4119 scRNA-Seq,SAM000182805,2036
RHP4120 scRNA-Seq,SAM000182806,2036
RHP4121 scRNA-Seq,SAM000182807,2036
RHP4122 scRNA-Seq,SAM000182808,2036
RHP4123 scRNA-Seq,SAM000182809,2036
RHP4125 scRNA-Seq,SAM000182811,2036
RHP4126 scRNA-Seq,SAM000182812,2036
RHP4127 scRNA-Seq,SAM000182813,2036
RHP4128 scRNA-Seq,SAM000182814,2036
RHP4129 scRNA-Seq,SAM000182815,2036
RHP4130 scRNA-Seq,SAM000182816,2036
RHP4131 scRNA-Seq,SAM000182817,2036
RHP4132 scRNA-Seq,SAM000182818,2036
RHP4133 scRNA-Seq,SAM000182819,2036
RHP4134 scRNA-Seq,SAM000182820,2036
RHP4135 scRNA-Seq,SAM000182821,2036
RHP4136 scRNA-Seq,SAM000182822,2036
RHP4137 scRNA-Seq,SAM000182823,2036
RHP4138 scRNA-Seq,SAM000182824,2036
RHP4139 scRNA-Seq,SAM000182825,2036
RHP4140 scRNA-Seq,SAM000182826,2036
RHP4141 scRNA-Seq,SAM000182827,2036
RHP4142 scRNA-Seq,SAM000182828,2036
RHP4434 scRNA-Seq,SAM000182830,2036
RHP4467 scRNA-Seq,SAM000182863,2036
RHP4468 scRNA-Seq,SAM000182864,2036
RHP4498 scRNA-Seq,SAM000182894,2036
RHP4511 scRNA-Seq,SAM000182907,2036
RHP4600 scRNA-Seq,SAM000182996,2036
RHP4757 scRNA-Seq,SAM000183153,2036
RHP4758 scRNA-Seq,SAM000183154,2036
RHP4764 scRNA-Seq,SAM000183160,2036
RHP4794 scRNA-Seq,SAM000183190,2036
RHP4893 scRNA-Seq,SAM000183289,2036
RHP4894 scRNA-Seq,SAM000183290,2036
RHP4895 scRNA-Seq,SAM000183291,2036
RHP4897 scRNA-Seq,SAM000183293,2036
RHP4898 scRNA-Seq,SAM000183294,2036
RHP4899 scRNA-Seq,SAM000183295,2036
RHP4900 scRNA-Seq,SAM000183296,2036
RHP4901 scRNA-Seq,SAM000183297,2036
RHP4902 scRNA-Seq,SAM000183298,2036
RHP4903 scRNA-Seq,SAM000183299,2036
RHP4904 scRNA-Seq,SAM000183300,2036
RHP4905 scRNA-Seq,SAM000183301,2036
RHP4906 scRNA-Seq,SAM000183302,2036
RHP4907 scRNA-Seq,SAM000183303,2036
RHP4908 scRNA-Seq,SAM000183304,2036
RHP4909 scRNA-Seq,SAM000183305,2036
RHP4910 scRNA-Seq,SAM000183306,2036
RHP4911 scRNA-Seq,SAM000183307,2036
RHP4912 scRNA-Seq,SAM000183308,2036
RHP4913 scRNA-Seq,SAM000183309,2036
RHP4914 scRNA-Seq,SAM000183310,2036
RHP4915 scRNA-Seq,SAM000183311,2036
RHP4916 scRNA-Seq,SAM000183312,2036
RHP4917 scRNA-Seq,SAM000183313,2036
RHP4918 scRNA-Seq,SAM000183314,2036
RHP4919 scRNA-Seq,SAM000183315,2036
RHP4920 scRNA-Seq,SAM000183316,2036
RHP4921 scRNA-Seq,SAM000183317,2036
RHP4922 scRNA-Seq,SAM000183318,2036
RHP4923 scRNA-Seq,SAM000183319,2036
RHP4924 scRNA-Seq,SAM000183320,2036
RHP4925 scRNA-Seq,SAM000183321,2036
RHP4926 scRNA-Seq,SAM000183322,2036
RHP4927 scRNA-Seq,SAM000183323,2036
RHP4928 scRNA-Seq,SAM000183324,2036
RHP4929 scRNA-Seq,SAM000183325,2036
RHP4930 scRNA-Seq,SAM000183326,2036
RHP4931 scRNA-Seq,SAM000183327,2036
RHP4932 scRNA-Seq,SAM000183328,2036
RHP4933 scRNA-Seq,SAM000183329,2036
RHP4934 scRNA-Seq,SAM000183330,2036
RHP4935 scRNA-Seq,SAM000183331,2036
RHP4936 scRNA-Seq,SAM000183332,2036
RHP4937 scRNA-Seq,SAM000183333,2036
RHP4938 scRNA-Seq,SAM000183334,2036
RHP4939 scRNA-Seq,SAM000183335,2036
RHP4940 scRNA-Seq,SAM000183336,2036
RHP4941 scRNA-Seq,SAM000183337,2036
RHP4942 scRNA-Seq,SAM000183338,2036
RHP4943 scRNA-Seq,SAM000183339,2036
RHP4944 scRNA-Seq,SAM000183340,2036
RHP4945 scRNA-Seq,SAM000183341,2036
RHP4946 scRNA-Seq,SAM000183342,2036
RHP4947 scRNA-Seq,SAM000183343,2036
RHP4948 scRNA-Seq,SAM000183344,2036
RHP4949 scRNA-Seq,SAM000183345,2036
RHP4950 scRNA-Seq,SAM000183346,2036
RHP4951 scRNA-Seq,SAM000183347,2036
RHP4953 scRNA-Seq,SAM000183349,2036
RHP4954 scRNA-Seq,SAM000183350,2036
RHP4955 scRNA-Seq,SAM000183351,2036
RHP4956 scRNA-Seq,SAM000183352,2036
RHP4957 scRNA-Seq,SAM000183353,2036
RHP4958 scRNA-Seq,SAM000183354,2036
RHP4960 scRNA-Seq,SAM000183356,2036
RHP4961 scRNA-Seq,SAM000183357,2036
RHP4962 scRNA-Seq,SAM000183358,2036
RHP4963 scRNA-Seq,SAM000183359,2036
RHP4964 scRNA-Seq,SAM000183360,2036
RHP4965 scRNA-Seq,SAM000183361,2036
RHP4966 scRNA-Seq,SAM000183362,2036
RHP4967 scRNA-Seq,SAM000183363,2036
RHP4976 scRNA-Seq,SAM000183372,2036
RHP4985 scRNA-Seq,SAM000183381,2036
RHP4986 scRNA-Seq,SAM000183382,2036
RHP5006 scRNA-Seq,SAM000183402,2036
RHP5008 scRNA-Seq,SAM000183404,2036
RHP5023 scRNA-Seq,SAM000183419,2036
RHP5039 scRNA-Seq,SAM000183435,2036
RHP5074 scRNA-Seq,SAM000183470,2036
RHP5100 scRNA-Seq,SAM000183496,2036
RHP5133 scRNA-Seq,SAM000183529,2036
RHP5143 scRNA-Seq,SAM000183539,2036
RHP5145 scRNA-Seq,SAM000183541,2036
RHP5146 scRNA-Seq,SAM000183542,2036
RHP5147 scRNA-Seq,SAM000183543,2036
RHP5148 scRNA-Seq,SAM000183544,2036
RHP5149 scRNA-Seq,SAM000183545,2036
RHP5150 scRNA-Seq,SAM000183546,2036
RHP5151 scRNA-Seq,SAM000183547,2036
RHP5152 scRNA-Seq,SAM000183548,2036
RHP5153 scRNA-Seq,SAM000183549,2036
RHP5155 scRNA-Seq,SAM000183551,2036
RHP5156 scRNA-Seq,SAM000183552,2036
RHP5157 scRNA-Seq,SAM000183553,2036
RHP5159 scRNA-Seq,SAM000183555,2036
RHP5160 scRNA-Seq,SAM000183556,2036
RHP5161 scRNA-Seq,SAM000183557,2036
RHP5162 scRNA-Seq,SAM000183558,2036
RHP5164 scRNA-Seq,SAM000183560,2036
RHP5165 scRNA-Seq,SAM000183561,2036
RHP5166 scRNA-Seq,SAM000183562,2036
RHP5167 scRNA-Seq,SAM000183563,2036
RHP5168 scRNA-Seq,SAM000183564,2036
RHP5169 scRNA-Seq,SAM000183565,2036
RHP5170 scRNA-Seq,SAM000183566,2036
RHP5172 scRNA-Seq,SAM000183568,2036
RHP5173 scRNA-Seq,SAM000183569,2036
RHP5174 scRNA-Seq,SAM000183570,2036
RHP5175 scRNA-Seq,SAM000183571,2036
RHP5176 scRNA-Seq,SAM000183572,2036
RHP5177 scRNA-Seq,SAM000183573,2036
RHP5178 scRNA-Seq,SAM000183574,2036
RHP5179 scRNA-Seq,SAM000183575,2036
RHP5181 scRNA-Seq,SAM000183577,2036
RHP5182 scRNA-Seq,SAM000183578,2036
RHP5184 scRNA-Seq,SAM000183580,2036
RHP5185 scRNA-Seq,SAM000183581,2036
RHP5186 scRNA-Seq,SAM000183582,2036
RHP5187 scRNA-Seq,SAM000183583,2036
RHP5188 scRNA-Seq,SAM000183584,2036
RHP5189 scRNA-Seq,SAM000183585,2036
RHP5190 scRNA-Seq,SAM000183586,2036
RHP5191 scRNA-Seq,SAM000183587,2036
RHP5192 scRNA-Seq,SAM000183588,2036
RHP5193 scRNA-Seq,SAM000183589,2036
RHP5194 scRNA-Seq,SAM000183590,2036
RHP5195 scRNA-Seq,SAM000183591,2036
RHP5196 scRNA-Seq,SAM000183592,2036
RHP5197 scRNA-Seq,SAM000183593,2036
RHP5198 scRNA-Seq,SAM000183594,2036
RHP5199 scRNA-Seq,SAM000183595,2036
RHP5201 scRNA-Seq,SAM000183597,2036
RHP5202 scRNA-Seq,SAM000183598,2036
RHP5203 scRNA-Seq,SAM000183599,2036
RHP5204 scRNA-Seq,SAM000183600,2036
RHP5206 scRNA-Seq,SAM000183602,2036
RHP5208 scRNA-Seq,SAM000183604,2036
RHP5209 scRNA-Seq,SAM000183605,2036
RHP5210 scRNA-Seq,SAM000183606,2036
RHP5211 scRNA-Seq,SAM000183607,2036
RHP5212 scRNA-Seq,SAM000183608,2036
RHP5213 scRNA-Seq,SAM000183609,2036
RHP5214 scRNA-Seq,SAM000183610,2036
RHP5215 scRNA-Seq,SAM000183611,2036
RHP5216 scRNA-Seq,SAM000183612,2036
RHP5217 scRNA-Seq,SAM000183613,2036
RHP5218 scRNA-Seq,SAM000183614,2036
RHP5219 scRNA-Seq,SAM000183615,2036
RHP5220 scRNA-Seq,SAM000183616,2036
RHP5221 scRNA-Seq,SAM000183617,2036
RHP5222 scRNA-Seq,SAM000183618,2036
RHP5223 scRNA-Seq,SAM000183619,2036
RHP5224 scRNA-Seq,SAM000183620,2036
RHP5225 scRNA-Seq,SAM000183621,2036
RHP5226 scRNA-Seq,SAM000183622,2036
RHP5227 scRNA-Seq,SAM000183623,2036
RHP5228 scRNA-Seq,SAM000183624,2036
RHP5229 scRNA-Seq,SAM000183625,2036
RHP5231 scRNA-Seq,SAM000183627,2036
RHP5232 scRNA-Seq,SAM000183628,2036
RHP5233 scRNA-Seq,SAM000183629,2036
RHP5234 scRNA-Seq,SAM000183630,2036
RHP5236 scRNA-Seq,SAM000183632,2036
RHP5237 scRNA-Seq,SAM000183633,2036
RHP5239 scRNA-Seq,SAM000183635,2036
RHP5240 scRNA-Seq,SAM000183636,2036
RHP5241 scRNA-Seq,SAM000183637,2036
RHP5242 scRNA-Seq,SAM000183638,2036
RHP5243 scRNA-Seq,SAM000183639,2036
RHP5244 scRNA-Seq,SAM000183640,2036
RHP5245 scRNA-Seq,SAM000183641,2036
RHP5247 scRNA-Seq,SAM000183643,2036
RHP5248 scRNA-Seq,SAM000183644,2036
RHP5249 scRNA-Seq,SAM000183645,2036
RHP5250 scRNA-Seq,SAM000183646,2036
RHP5251 scRNA-Seq,SAM000183647,2036
RHP5252 scRNA-Seq,SAM000183648,2036
RHP5253 scRNA-Seq,SAM000183649,2036
RHP5254 scRNA-Seq,SAM000183650,2036
RHP5255 scRNA-Seq,SAM000183651,2036
RHP5256 scRNA-Seq,SAM000183652,2036
RHP5257 scRNA-Seq,SAM000183653,2036
RHP5258 scRNA-Seq,SAM000183654,2036
RHP5259 scRNA-Seq,SAM000183655,2036
RHP5260 scRNA-Seq,SAM000183656,2036
RHP5261 scRNA-Seq,SAM000183657,2036
RHP5262 scRNA-Seq,SAM000183658,2036
RHP5263 scRNA-Seq,SAM000183659,2036
RHP5264 scRNA-Seq,SAM000183660,2036
RHP5265 scRNA-Seq,SAM000183661,2036
RHP5266 scRNA-Seq,SAM000183662,2036
RHP5268 scRNA-Seq,SAM000183664,2036
RHP5269 scRNA-Seq,SAM000183665,2036
RHP5270 scRNA-Seq,SAM000183666,2036
RHP5271 scRNA-Seq,SAM000183667,2036
RHP5272 scRNA-Seq,SAM000183668,2036
RHP5273 scRNA-Seq,SAM000183669,2036
RHP5274 scRNA-Seq,SAM000183670,2036
RHP5275 scRNA-Seq,SAM000183671,2036
RHP5276 scRNA-Seq,SAM000183672,2036
RHP5277 scRNA-Seq,SAM000183673,2036
RHP5278 scRNA-Seq,SAM000183674,2036
RHP5279 scRNA-Seq,SAM000183675,2036
RHP5280 scRNA-Seq,SAM000183676,2036
RHP5281 scRNA-Seq,SAM000183677,2036
RHP5282 scRNA-Seq,SAM000183678,2036
RHP5283 scRNA-Seq,SAM000183679,2036
RHP5284 scRNA-Seq,SAM000183680,2036
RHP5285 scRNA-Seq,SAM000183681,2036
RHP5286 scRNA-Seq,SAM000183682,2036
RHP5287 scRNA-Seq,SAM000183683,2036
RHP5288 scRNA-Seq,SAM000183684,2036
RHP5289 scRNA-Seq,SAM000183685,2036
RHP5290 scRNA-Seq,SAM000183686,2036
RHP5291 scRNA-Seq,SAM000183687,2036
RHP5292 scRNA-Seq,SAM000183688,2036
RHP5293 scRNA-Seq,SAM000183689,2036
RHP5294 scRNA-Seq,SAM000183690,2036
RHP5295 scRNA-Seq,SAM000183691,2036
RHP5296 scRNA-Seq,SAM000183692,2036
RHP5297 scRNA-Seq,SAM000183693,2036
RHP5298 scRNA-Seq,SAM000183694,2036
RHP5299 scRNA-Seq,SAM000183695,2036
RHP5300 scRNA-Seq,SAM000183696,2036
RHP5301 scRNA-Seq,SAM000183697,2036
RHP5302 scRNA-Seq,SAM000183698,2036
RHP5303 scRNA-Seq,SAM000183699,2036
RHP5304 scRNA-Seq,SAM000183700,2036
RHP5305 scRNA-Seq,SAM000183701,2036
RHP5306 scRNA-Seq,SAM000183702,2036
RHP5307 scRNA-Seq,SAM000183703,2036
RHP5308 scRNA-Seq,SAM000183704,2036
RHP5309 scRNA-Seq,SAM000183705,2036
RHP5310 scRNA-Seq,SAM000183706,2036
RHP5311 scRNA-Seq,SAM000183707,2036
RHP5312 scRNA-Seq,SAM000183708,2036
RHP5313 scRNA-Seq,SAM000183709,2036
RHP5314 scRNA-Seq,SAM000183710,2036
RHP5315 scRNA-Seq,SAM000183711,2036
RHP5316 scRNA-Seq,SAM000183712,2036
RHP5317 scRNA-Seq,SAM000183713,2036
RHP5318 scRNA-Seq,SAM000183714,2036
RHP5319 scRNA-Seq,SAM000183715,2036
RHP5320 scRNA-Seq,SAM000183716,2036
RHP5321 scRNA-Seq,SAM000183717,2036
RHP5322 scRNA-Seq,SAM000183718,2036
RHP5323 scRNA-Seq,SAM000183719,2036
RHP5324 scRNA-Seq,SAM000183720,2036
RHP5325 scRNA-Seq,SAM000183721,2036
RHP5326 scRNA-Seq,SAM000183722,2036
RHP5327 scRNA-Seq,SAM000183723,2036
RHP5328 scRNA-Seq,SAM000183724,2036
RHP5329 scRNA-Seq,SAM000183725,2036
RHP5330 scRNA-Seq,SAM000183726,2036
RHP5331 scRNA-Seq,SAM000183727,2036
RHP5332 scRNA-Seq,SAM000183728,2036
RHP5333 scRNA-Seq,SAM000183729,2036
RHP5334 scRNA-Seq,SAM000183730,2036
RHP5335 scRNA-Seq,SAM000183731,2036
RHP5336 scRNA-Seq,SAM000183732,2036
RHP5337 scRNA-Seq,SAM000183733,2036
RHP5338 scRNA-Seq,SAM000183734,2036
RHP5339 scRNA-Seq,SAM000183735,2036
RHP5340 scRNA-Seq,SAM000183736,2036
RHP5341 scRNA-Seq,SAM000183737,2036
RHP5342 scRNA-Seq,SAM000183738,2036
RHP5343 scRNA-Seq,SAM000183739,2036
RHP5344 scRNA-Seq,SAM000183740,2036
RHP5345 scRNA-Seq,SAM000183741,2036
RHP5346 scRNA-Seq,SAM000183742,2036
RHP5347 scRNA-Seq,SAM000183743,2036
RHP5348 scRNA-Seq,SAM000183744,2036
RHP5349 scRNA-Seq,SAM000183745,2036
RHP5350 scRNA-Seq,SAM000183746,2036
RHP5351 scRNA-Seq,SAM000183747,2036
RHP5352 scRNA-Seq,SAM000183748,2036
RHP5353 scRNA-Seq,SAM000183749,2036
RHP5354 scRNA-Seq,SAM000183750,2036
RHP5355 scRNA-Seq,SAM000183751,2036
RHP5356 scRNA-Seq,SAM000183752,2036
RHP5357 scRNA-Seq,SAM000183753,2036
RHP5358 scRNA-Seq,SAM000183754,2036
RHP5359 scRNA-Seq,SAM000183755,2036
RHP5360 scRNA-Seq,SAM000183756,2036
RHP5361 scRNA-Seq,SAM000183757,2036
RHP5362 scRNA-Seq,SAM000183758,2036
RHP5363 scRNA-Seq,SAM000183759,2036
RHP5364 scRNA-Seq,SAM000183760,2036
RHP5365 scRNA-Seq,SAM000183761,2036
RHP5366 scRNA-Seq,SAM000183762,2036
RHP5367 scRNA-Seq,SAM000183763,2036
RHP5368 scRNA-Seq,SAM000183764,2036
RHP5369 scRNA-Seq,SAM000183765,2036
RHP5370 scRNA-Seq,SAM000183766,2036
RHP5371 scRNA-Seq,SAM000183767,2036
RHP5372 scRNA-Seq,SAM000183768,2036
RHP5373 scRNA-Seq,SAM000183769,2036
RHP5374 scRNA-Seq,SAM000183770,2036
RHP5376 scRNA-Seq,SAM000183772,2036
RHP5377 scRNA-Seq,SAM000183773,2036
RHP5378 scRNA-Seq,SAM000183774,2036
RHP5379 scRNA-Seq,SAM000183775,2036
RHP5380 scRNA-Seq,SAM000183776,2036
RHP5381 scRNA-Seq,SAM000183777,2036
RHP5382 scRNA-Seq,SAM000183778,2036
RHP5383 scRNA-Seq,SAM000183779,2036
RHP5384 scRNA-Seq,SAM000183780,2036
RHP5385 scRNA-Seq,SAM000183781,2036
RHP5386 scRNA-Seq,SAM000183782,2036
RHP5387 scRNA-Seq,SAM000183783,2036
RHP5388 scRNA-Seq,SAM000183784,2036
RHP5389 scRNA-Seq,SAM000183785,2036
RHP5390 scRNA-Seq,SAM000183786,2036
RHP5391 scRNA-Seq,SAM000183787,2036
RHP5392 scRNA-Seq,SAM000183788,2036
RHP5393 scRNA-Seq,SAM000183789,2036
RHP5394 scRNA-Seq,SAM000183790,2036
RHP5395 scRNA-Seq,SAM000183791,2036
RHP5396 scRNA-Seq,SAM000183792,2036
RHP5397 scRNA-Seq,SAM000183793,2036
RHP5398 scRNA-Seq,SAM000183794,2036
RHP5399 scRNA-Seq,SAM000183795,2036
RHP5400 scRNA-Seq,SAM000183796,2036
RHP5401 scRNA-Seq,SAM000183797,2036
RHP5402 scRNA-Seq,SAM000183798,2036
RHP5403 scRNA-Seq,SAM000183799,2036
RHP6370 scRNA-Seq,SAM000183884,2036
RHP6372 scRNA-Seq,SAM000183886,2036
RHP6374 scRNA-Seq,SAM000183888,2036
RHP6376 scRNA-Seq,SAM000183890,2036
RHP6377 scRNA-Seq,SAM000183891,2036
RHP6378 scRNA-Seq,SAM000183892,2036
RHP6379 scRNA-Seq,SAM000183893,2036
RHP6380 scRNA-Seq,SAM000183894,2036
RHP6381 scRNA-Seq,SAM000183895,2036
RHP6382 scRNA-Seq,SAM000183896,2036
RHP6383 scRNA-Seq,SAM000183897,2036
RHP6384 scRNA-Seq,SAM000183898,2036
RHP6385 scRNA-Seq,SAM000183899,2036
RHP6386 scRNA-Seq,SAM000183900,2036
RHP6387 scRNA-Seq,SAM000183901,2036
RHP6388 scRNA-Seq,SAM000183902,2036
RHP6389 scRNA-Seq,SAM000183903,2036
RHP6390 scRNA-Seq,SAM000183904,2036
RHP6391 scRNA-Seq,SAM000183905,2036
RHP6392 scRNA-Seq,SAM000183906,2036
RHP6393 scRNA-Seq,SAM000183907,2036
RHP6395 scRNA-Seq,SAM000183909,2036
RHP6396 scRNA-Seq,SAM000183910,2036
RHP6397 scRNA-Seq,SAM000183911,2036
RHP6398 scRNA-Seq,SAM000183912,2036
RHP6399 scRNA-Seq,SAM000183913,2036
RHP6400 scRNA-Seq,SAM000183914,2036
RHP6401 scRNA-Seq,SAM000183915,2036
RHP6404 scRNA-Seq,SAM000183918,2036
RHP6405 scRNA-Seq,SAM000183919,2036
RHP6406 scRNA-Seq,SAM000183920,2036
RHP6407 scRNA-Seq,SAM000183921,2036
RHP6409 scRNA-Seq,SAM000183923,2036
RHP6410 scRNA-Seq,SAM000183924,2036
RHP6411 scRNA-Seq,SAM000183925,2036
RHP6412 scRNA-Seq,SAM000183926,2036
RHP6413 scRNA-Seq,SAM000183927,2036
RHP6415 scRNA-Seq,SAM000183929,2036
RHP6416 scRNA-Seq,SAM000183930,2036
RHP6417 scRNA-Seq,SAM000183931,2036
RHP6418 scRNA-Seq,SAM000183932,2036
RHP6419 scRNA-Seq,SAM000183933,2036
RHP6421 scRNA-Seq,SAM000183935,2036
RHP6423 scRNA-Seq,SAM000183937,2036
RHP6424 scRNA-Seq,SAM000183938,2036
RHP6425 scRNA-Seq,SAM000183939,2036
RHP6426 scRNA-Seq,SAM000183940,2036
RHP6427 scRNA-Seq,SAM000183941,2036
RHP6428 scRNA-Seq,SAM000183942,2036
RHP6429 scRNA-Seq,SAM000183943,2036
RHP6430 scRNA-Seq,SAM000183944,2036
RHP6431 scRNA-Seq,SAM000183945,2036
RHP6432 scRNA-Seq,SAM000183946,2036
RHP6435 scRNA-Seq,SAM000183949,2036
RHP6436 scRNA-Seq,SAM000183950,2036
RHP6437 scRNA-Seq,SAM000183951,2036
RHP6439 scRNA-Seq,SAM000183953,2036
RHP6441 scRNA-Seq,SAM000183955,2036
RHP6442 scRNA-Seq,SAM000183956,2036
RHP6443 scRNA-Seq,SAM000183957,2036
RHP6444 scRNA-Seq,SAM000183958,2036
RHP6445 scRNA-Seq,SAM000183959,2036
RHP6446 scRNA-Seq,SAM000183960,2036
RHP6448 scRNA-Seq,SAM000183962,2036
RHP6449 scRNA-Seq,SAM000183963,2036
RHP6451 scRNA-Seq,SAM000183965,2036
RHP6453 scRNA-Seq,SAM000183967,2036
RHP6454 scRNA-Seq,SAM000183968,2036
RHP6455 scRNA-Seq,SAM000183969,2036
RHP6456 scRNA-Seq,SAM000183970,2036
RHP6459 scRNA-Seq,SAM000183973,2036
RHP6460 scRNA-Seq,SAM000183974,2036
RHP6461 scRNA-Seq,SAM000183975,2036
RHP6462 scRNA-Seq,SAM000183976,2036
RHP6464 scRNA-Seq,SAM000183978,2036
RHP6466 scRNA-Seq,SAM000183980,2036
RHP6469 scRNA-Seq,SAM000183983,2036
RHP6470 scRNA-Seq,SAM000183984,2036
RHP6474 scRNA-Seq,SAM000183988,2036
RHP6475 scRNA-Seq,SAM000183989,2036
RHP6476 scRNA-Seq,SAM000183990,2036
RHP6477 scRNA-Seq,SAM000183991,2036
RHP6478 scRNA-Seq,SAM000183992,2036
RHP6480 scRNA-Seq,SAM000183994,2036
RHP6481 scRNA-Seq,SAM000183995,2036
RHP6482 scRNA-Seq,SAM000183996,2036
RHP6483 scRNA-Seq,SAM000183997,2036
RHP6484 scRNA-Seq,SAM000183998,2036
RHP6485 scRNA-Seq,SAM000183999,2036
RHP6486 scRNA-Seq,SAM000184000,2036
RHP6487 scRNA-Seq,SAM000184001,2036
RHP6488 scRNA-Seq,SAM000184002,2036
RHP6489 scRNA-Seq,SAM000184003,2036
RHP6490 scRNA-Seq,SAM000184004,2036
RHP6493 scRNA-Seq,SAM000184007,2036
RHP6494 scRNA-Seq,SAM000184008,2036
RHP6497 scRNA-Seq,SAM000184011,2036
RHP6498 scRNA-Seq,SAM000184012,2036
RHP6500 scRNA-Seq,SAM000184014,2036
RHP6501 scRNA-Seq,SAM000184015,2036
RHP6502 scRNA-Seq,SAM000184016,2036
RHP6503 scRNA-Seq,SAM000184017,2036
RHP6508 scRNA-Seq,SAM000184022,2036
RHP6510 scRNA-Seq,SAM000184024,2036
RHP6511 scRNA-Seq,SAM000184025,2036
RHP6512 scRNA-Seq,SAM000184026,2036
RHP6514 scRNA-Seq,SAM000184028,2036
RHP6516 scRNA-Seq,SAM000184030,2036
RHP6518 scRNA-Seq,SAM000184032,2036
RHP6520 scRNA-Seq,SAM000184034,2036
RHP6521 scRNA-Seq,SAM000184035,2036
RHP6522 scRNA-Seq,SAM000184036,2036
RHP6524 scRNA-Seq,SAM000184038,2036
RHP6526 scRNA-Seq,SAM000184040,2036
RHP6527 scRNA-Seq,SAM000184041,2036
RHP6529 scRNA-Seq,SAM000184043,2036
RHP6530 scRNA-Seq,SAM000184044,2036
RHP6531 scRNA-Seq,SAM000184045,2036
RHP6532 scRNA-Seq,SAM000184046,2036
RHP6534 scRNA-Seq,SAM000184048,2036
RHP6535 scRNA-Seq,SAM000184049,2036
RHP6536 scRNA-Seq,SAM000184050,2036
RHP7541 scRNA-Seq,SAM000184052,2036
RHP7543 scRNA-Seq,SAM000184054,2036
RHP7544 scRNA-Seq,SAM000184055,2036
RHP7545 scRNA-Seq,SAM000184056,2036
RHP7546 scRNA-Seq,SAM000184057,2036
RHP7548 scRNA-Seq,SAM000184059,2036
RHP7549 scRNA-Seq,SAM000184060,2036
RHP7550 scRNA-Seq,SAM000184061,2036
RHP7551 scRNA-Seq,SAM000184062,2036
RHP7554 scRNA-Seq,SAM000184065,2036
RHP7556 scRNA-Seq,SAM000184067,2036
RHP7559 scRNA-Seq,SAM000184070,2036
RHP7560 scRNA-Seq,SAM000184071,2036
RHP7563 scRNA-Seq,SAM000184074,2036
RHP7565 scRNA-Seq,SAM000184076,2036
RHP7566 scRNA-Seq,SAM000184077,2036
RHP7567 scRNA-Seq,SAM000184078,2036
RHP7568 scRNA-Seq,SAM000184079,2036
RHP7569 scRNA-Seq,SAM000184080,2036
RHP7570 scRNA-Seq,SAM000184081,2036
Huh751_D0_1,SAM000184109,12
Huh751_D0_2,SAM000184110,12
Huh751_D0_3,SAM000184111,12
Huh751_D10_1,SAM000184118,12
Huh751_D10_2,SAM000184119,12
Huh751_D10_3,SAM000184120,12
Huh751_D3_1,SAM000184112,12
Huh751_D3_2,SAM000184113,12
Huh751_D3_3,SAM000184114,12
Huh751_D7_1,SAM000184115,12
Huh751_D7_2,SAM000184116,12
Huh751_D7_3,SAM000184117,12
CS17_human_embryo_01,SAM000184169,1231
CS15_human_embryo_02,SAM000184174,1231
CS11_human_embryo_01,SAM000184170,1231
CS12_human_embryo_01,SAM000184173,1231
CS13_human_embryo_01,SAM000184172,1231
CS23_human_embryo_01,SAM000184171,1231
CS20_human_embryo_01,SAM000184175,1231
donor 1_liver,SAM000184149,28000
donor 2_liver,SAM000184152,28000
donor 4_liver,SAM000184155,28000
Pt63_Tumor,SAM000184106,3800
iTreg rep1,SAM000184190,12
iTreg rep2,SAM000184191,12
Naive rep1,SAM000184192,12
Naive rep2,SAM000184193,12
Treg rep1,SAM000184194,12
Treg rep2,SAM000184195,12
Th1 rep1,SAM000184196,12
Th1 rep2,SAM000184197,12
Th17 rep1,SAM000184198,12
Th17 rep2,SAM000184199,12
Th2 rep1,SAM000184200,12
Th2 rep2,SAM000184201,12
P1202t,SAM000181844,5063
P0205,SAM000181839,5063
P0508,SAM000181840,5063
P1116,SAM000181843,5063
P0322,SAM000181841,5063
P0407,SAM000181842,5063
Sample_01_tumor,SAM000184162,17410
Sample_02_tumor,SAM000184163,17410
Sample_03_tumor,SAM000184164,17410
Sample_04_tumor,SAM000184165,17410
Sample_05_tumor,SAM000184166,17410
Sample_06_tumor,SAM000184167,17410
CS11_yolk_sac_10x,SAM000184177,11932
CS15_yolk_sac_10x,SAM000184178,11932
LIB046507_TRA00182830_S1_quant,SAM000181516,72
LIB046507_TRA00182832_S2_quant,SAM000181517,72
LIB046507_TRA00182842_S3_quant,SAM000181518,72
LIB046507_TRA00182844_S4_quant,SAM000181519,72
LIB046507_TRA00182846_S5_quant,SAM000181520,72
LIB046507_TRA00182848_S6_quant,SAM000181521,72
LIB046507_TRA00182854_S7_quant,SAM000181522,72
LIB046507_TRA00182856_S8_quant,SAM000181523,72
LIB046507_TRA00182862_S9_quant,SAM000181524,72
LIB046507_TRA00182864_S10_quant,SAM000181525,72
LIB046507_TRA00182870_S11_quant,SAM000181526,72
LIB046507_TRA00182872_S12_quant,SAM000181527,72
LIB046507_TRA00182874_S13_quant,SAM000181528,72
LIB046507_TRA00182876_S14_quant,SAM000181529,72
LIB046507_TRA00182886_S15_quant,SAM000181530,72
LIB046507_TRA00182888_S16_quant,SAM000181531,72
LIB046507_TRA00182890_S17_quant,SAM000181532,72
LIB046507_TRA00182892_S18_quant,SAM000181533,72
LIB046508_TRA00182831_S1_quant,SAM000181534,72
LIB046508_TRA00182833_S2_quant,SAM000181535,72
LIB046508_TRA00182843_S3_quant,SAM000181536,72
LIB046508_TRA00182845_S4_quant,SAM000181537,72
LIB046508_TRA00182847_S5_quant,SAM000181538,72
LIB046508_TRA00182849_S6_quant,SAM000181539,72
LIB046508_TRA00182855_S7_quant,SAM000181540,72
LIB046508_TRA00182857_S8_quant,SAM000181541,72
LIB046508_TRA00182863_S9_quant,SAM000181542,72
LIB046508_TRA00182865_S10_quant,SAM000181543,72
LIB046508_TRA00182871_S11_quant,SAM000181544,72
LIB046508_TRA00182873_S12_quant,SAM000181545,72
LIB046508_TRA00182875_S13_quant,SAM000181546,72
LIB046508_TRA00182877_S14_quant,SAM000181547,72
LIB046508_TRA00182887_S15_quant,SAM000181548,72
LIB046508_TRA00182889_S16_quant,SAM000181549,72
LIB046508_TRA00182891_S17_quant,SAM000181550,72
LIB046508_TRA00182893_S18_quant,SAM000181551,72
LIB046508_TRA00186676_S19_quant,SAM000181552,72
LIB046509_TRA00182834_S1_quant,SAM000181553,72
LIB046509_TRA00182836_S2_quant,SAM000181554,72
LIB046509_TRA00182838_S3_quant,SAM000181555,72
LIB046509_TRA00182840_S4_quant,SAM000181556,72
LIB046509_TRA00182850_S5_quant,SAM000181557,72
LIB046509_TRA00182852_S6_quant,SAM000181558,72
LIB046509_TRA00182858_S7_quant,SAM000181559,72
LIB046509_TRA00182860_S8_quant,SAM000181560,72
LIB046509_TRA00182868_S10_quant,SAM000181561,72
LIB046509_TRA00182878_S11_quant,SAM000181562,72
LIB046509_TRA00182880_S12_quant,SAM000181563,72
LIB046509_TRA00182882_S13_quant,SAM000181564,72
LIB046509_TRA00182884_S14_quant,SAM000181565,72
LIB046509_TRA00182894_S15_quant,SAM000181566,72
LIB046509_TRA00182896_S16_quant,SAM000181567,72
LIB046509_TRA00182898_S17_quant,SAM000181568,72
LIB046509_TRA00182900_S18_quant,SAM000181569,72
LIB046510_TRA00182835_S1_quant,SAM000181570,72
LIB046510_TRA00182837_S2_quant,SAM000181571,72
LIB046510_TRA00182839_S3_quant,SAM000181572,72
LIB046510_TRA00182841_S4_quant,SAM000181573,72
LIB046510_TRA00182851_S5_quant,SAM000181574,72
LIB046510_TRA00182853_S6_quant,SAM000181575,72
LIB046510_TRA00182859_S7_quant,SAM000181576,72
LIB046510_TRA00182861_S8_quant,SAM000181577,72
LIB046510_TRA00182867_S9_quant,SAM000181578,72
LIB046510_TRA00182869_S10_quant,SAM000181579,72
LIB046510_TRA00182879_S11_quant,SAM000181580,72
LIB046510_TRA00182881_S12_quant,SAM000181581,72
LIB046510_TRA00182883_S13_quant,SAM000181582,72
LIB046510_TRA00182885_S14_quant,SAM000181583,72
LIB046510_TRA00182895_S15_quant,SAM000181584,72
LIB046510_TRA00182897_S16_quant,SAM000181585,72
LIB046510_TRA00182899_S17_quant,SAM000181586,72
LIB046510_TRA00182901_S18_quant,SAM000181587,72
230093_primary focus_RNA-seq,SAM000181786,47940
230093_PBMC_RNA-seq,SAM000181788,47940
230093_peritonneal metastasis_RNA-seq,SAM000181790,47940
230498_primary focus_RNA-seq,SAM000181792,47940
230498_lymph node_RNA-seq,SAM000181794,47940
230498_peripheral blood_RNA-seq,SAM000181796,47940
357818_primary focus_RNA-seq,SAM000181798,47940
357818_peripheral blood_RNA-seq,SAM000181800,47940
357818_metastasis_RNA-seq,SAM000181802,47940
230723_primary focus_RNA-seq,SAM000181804,47940
230723_liver metastasis_RNA-seq,SAM000181806,47940
230723_lymph node_RNA-seq,SAM000181808,47940
230723_peripheral blood_RNA-seq,SAM000181810,47940
231260_primary focus_RNA-seq,SAM000181812,47940
231260_lymph node_RNA-seq,SAM000181814,47940
231260_peripheral blood_RNA-seq,SAM000181816,47940
6W-olfactory bulb,SAM000184208,12412
6W-uterus,SAM000184211,1832
6W-small intestine,SAM000184209,3001
6W-kidney,SAM000184206,25193
8W-testis,SAM000184215,27508
8W-ovary,SAM000184213,4585
8W-heart,SAM000184217,36223
8W-skin,SAM000184212,9211
6W-tongue,SAM000184207,10254
8W-spinal cord,SAM000184216,4730
8W-small intestine,SAM000184214,7525
P01,SAM000184218,16498
P02,SAM000184219,16498
P03,SAM000184220,16498
P04,SAM000184221,16498
P05,SAM000184222,16498
P07,SAM000184223,16498
P08,SAM000184224,16498
P09,SAM000184225,16498
P10,SAM000184226,16498
P11,SAM000184227,16498
P12,SAM000184228,16498
P13,SAM000184229,16498
P14,SAM000184230,16498
P15,SAM000184231,16498
P16,SAM000184232,16498
P17,SAM000184233,16498
P18,SAM000184234,16498
P19,SAM000184235,16498
