id,omics_id,sample_id
155277,SCT000000286,SAM000184218
155278,SCT000000286,SAM000184229
155279,SCT000000286,SAM000184228
155280,SCT000000286,SAM000184231
155281,SCT000000286,SAM000184230
155282,SCT000000286,SAM000184226
155283,SCT000000286,SAM000184227
155284,SCT000000286,SAM000184234
155285,SCT000000286,SAM000184233
155286,SCT000000286,SAM000184232
155287,SCT000000286,SAM000184235
155288,SCT000000286,SAM000184221
155289,SCT000000286,SAM000184220
155290,SCT000000286,SAM000184222
155291,SCT000000286,SAM000184223
155292,SCT000000286,SAM000184219
155293,SCT000000286,SAM000184225
155294,SCT000000286,SAM000184224
155295,SCT000000266,SAM000181338
155296,SCT000000266,SAM000181339
155297,SCT000000266,SAM000181337
155298,SCT000000266,SAM000181341
155299,SCT000000266,SAM000181340
155300,SCT000000267,SAM000181361
155301,SCT000000267,SAM000181384
155302,SCT000000267,SAM000181396
155303,SCT000000267,SAM000181424
155304,SCT000000267,SAM000181393
155305,SCT000000267,SAM000181398
155306,SCT000000267,SAM000181385
155307,SCT000000267,SAM000181360
155308,SCT000000267,SAM000181357
155309,SCT000000267,SAM000181391
155310,SCT000000267,SAM000181383
155311,SCT000000267,SAM000181389
155312,SCT000000267,SAM000181399
155313,SCT000000267,SAM000181395
155314,SCT000000267,SAM000181390
155315,SCT000000267,SAM000181400
155316,SCT000000267,SAM000181387
155317,SCT000000267,SAM000181394
155318,SCT000000267,SAM000181388
155319,SCT000000267,SAM000181397
155320,SCT000000267,SAM000181354
155321,SCT000000267,SAM000181356
155322,SCT000000267,SAM000181427
155323,SCT000000267,SAM000181359
155324,SCT000000267,SAM000181422
155325,SCT000000267,SAM000181426
155326,SCT000000267,SAM000181358
155327,SCT000000267,SAM000181355
155328,SCT000000267,SAM000181368
155329,SCT000000267,SAM000181367
155330,SCT000000267,SAM000181371
155331,SCT000000267,SAM000181370
155332,SCT000000267,SAM000181363
155333,SCT000000267,SAM000181372
155334,SCT000000267,SAM000181425
155335,SCT000000267,SAM000181421
155336,SCT000000267,SAM000181423
155337,SCT000000267,SAM000181369
155338,SCT000000267,SAM000181364
155339,SCT000000267,SAM000181429
155340,SCT000000267,SAM000181407
155341,SCT000000267,SAM000181406
155342,SCT000000267,SAM000181405
155343,SCT000000267,SAM000181410
155344,SCT000000267,SAM000181411
155345,SCT000000267,SAM000181401
155346,SCT000000267,SAM000181365
155347,SCT000000267,SAM000181373
155348,SCT000000267,SAM000181362
155349,SCT000000267,SAM000181412
155350,SCT000000267,SAM000181418
155351,SCT000000267,SAM000181419
155352,SCT000000267,SAM000181420
155353,SCT000000267,SAM000181409
155354,SCT000000267,SAM000181414
155355,SCT000000267,SAM000181417
155356,SCT000000267,SAM000181408
155357,SCT000000267,SAM000181413
155358,SCT000000268,SAM000181517
155359,SCT000000268,SAM000181516
155360,SCT000000268,SAM000181577
155361,SCT000000268,SAM000181568
155362,SCT000000268,SAM000181567
155363,SCT000000268,SAM000181566
155364,SCT000000268,SAM000181565
155365,SCT000000268,SAM000181563
155366,SCT000000268,SAM000181562
155367,SCT000000268,SAM000181569
155368,SCT000000268,SAM000181561
155369,SCT000000268,SAM000181559
155370,SCT000000268,SAM000181558
155371,SCT000000268,SAM000181557
155372,SCT000000268,SAM000181556
155373,SCT000000268,SAM000181555
155374,SCT000000268,SAM000181554
155375,SCT000000268,SAM000181560
155376,SCT000000268,SAM000181553
155377,SCT000000268,SAM000181570
155378,SCT000000268,SAM000181572
155379,SCT000000268,SAM000181587
155380,SCT000000268,SAM000181586
155381,SCT000000268,SAM000181585
155382,SCT000000268,SAM000181584
155383,SCT000000268,SAM000181583
155384,SCT000000268,SAM000181582
155385,SCT000000268,SAM000181571
155386,SCT000000268,SAM000181581
155387,SCT000000268,SAM000181579
155388,SCT000000268,SAM000181578
155389,SCT000000268,SAM000181576
155390,SCT000000268,SAM000181575
155391,SCT000000268,SAM000181574
155392,SCT000000268,SAM000181573
155393,SCT000000268,SAM000181580
155394,SCT000000268,SAM000181552
155395,SCT000000268,SAM000181564
155396,SCT000000268,SAM000181550
155397,SCT000000268,SAM000181531
155398,SCT000000268,SAM000181530
155399,SCT000000268,SAM000181529
155400,SCT000000268,SAM000181528
155401,SCT000000268,SAM000181527
155402,SCT000000268,SAM000181526
155403,SCT000000268,SAM000181532
155404,SCT000000268,SAM000181525
155405,SCT000000268,SAM000181551
155406,SCT000000268,SAM000181522
155407,SCT000000268,SAM000181521
155408,SCT000000268,SAM000181520
155409,SCT000000268,SAM000181519
155410,SCT000000268,SAM000181518
155411,SCT000000268,SAM000181524
155412,SCT000000268,SAM000181533
155413,SCT000000268,SAM000181523
155414,SCT000000268,SAM000181535
155415,SCT000000268,SAM000181534
155416,SCT000000268,SAM000181549
155417,SCT000000268,SAM000181548
155418,SCT000000268,SAM000181547
155419,SCT000000268,SAM000181545
155420,SCT000000268,SAM000181544
155421,SCT000000268,SAM000181543
155422,SCT000000268,SAM000181542
155423,SCT000000268,SAM000181546
155424,SCT000000268,SAM000181540
155425,SCT000000268,SAM000181539
155426,SCT000000268,SAM000181538
155427,SCT000000268,SAM000181537
155428,SCT000000268,SAM000181541
155429,SCT000000268,SAM000181536
155430,SCT000000269,SAM000181590
155431,SCT000000270,SAM000181782
155432,SCT000000270,SAM000181781
155433,SCT000000270,SAM000181783
155434,SCT000000270,SAM000181780
155435,SCT000000270,SAM000181779
155436,SCT000000270,SAM000181784
155437,SCT000000270,SAM000181785
155438,SCT000000270,SAM000181777
155439,SCT000000270,SAM000181778
155440,SCT000000270,SAM000181776
155441,SCT000000271,SAM000181816
155442,SCT000000271,SAM000181796
155443,SCT000000271,SAM000181794
155444,SCT000000271,SAM000181814
155445,SCT000000271,SAM000181812
155446,SCT000000271,SAM000181788
155447,SCT000000271,SAM000181786
155448,SCT000000271,SAM000181792
155449,SCT000000271,SAM000181790
155450,SCT000000271,SAM000181806
155451,SCT000000271,SAM000181802
155452,SCT000000271,SAM000181804
155453,SCT000000271,SAM000181800
155454,SCT000000271,SAM000181798
155455,SCT000000271,SAM000181810
155456,SCT000000271,SAM000181808
155457,SCT000000272,SAM000181818
155458,SCT000000273,SAM000181842
155459,SCT000000273,SAM000181841
155460,SCT000000273,SAM000181843
155461,SCT000000273,SAM000181840
155462,SCT000000273,SAM000181839
155463,SCT000000273,SAM000181844
155464,SCT000000274,SAM000183013
155465,SCT000000274,SAM000183148
155466,SCT000000274,SAM000183149
155467,SCT000000274,SAM000183150
155468,SCT000000274,SAM000183151
155469,SCT000000274,SAM000183153
155470,SCT000000274,SAM000183154
155471,SCT000000274,SAM000183155
155472,SCT000000274,SAM000183156
155473,SCT000000274,SAM000183157
155474,SCT000000274,SAM000183158
155475,SCT000000274,SAM000183159
155476,SCT000000274,SAM000183160
155477,SCT000000274,SAM000183161
155478,SCT000000274,SAM000183162
155479,SCT000000274,SAM000183163
155480,SCT000000274,SAM000183164
155481,SCT000000274,SAM000183165
155482,SCT000000274,SAM000183166
155483,SCT000000274,SAM000183167
155484,SCT000000274,SAM000183168
155485,SCT000000274,SAM000183169
155486,SCT000000274,SAM000183170
155487,SCT000000274,SAM000183171
155488,SCT000000274,SAM000183172
155489,SCT000000274,SAM000183173
155490,SCT000000274,SAM000183174
155491,SCT000000274,SAM000183175
155492,SCT000000274,SAM000183147
155493,SCT000000274,SAM000183146
155494,SCT000000274,SAM000183145
155495,SCT000000274,SAM000183144
155496,SCT000000274,SAM000183114
155497,SCT000000274,SAM000183115
155498,SCT000000274,SAM000183116
155499,SCT000000274,SAM000183117
155500,SCT000000274,SAM000183118
155501,SCT000000274,SAM000183119
155502,SCT000000274,SAM000183120
155503,SCT000000274,SAM000183121
155504,SCT000000274,SAM000183122
155505,SCT000000274,SAM000183123
155506,SCT000000274,SAM000183124
155507,SCT000000274,SAM000183125
155508,SCT000000274,SAM000183127
155509,SCT000000274,SAM000183176
155510,SCT000000274,SAM000183128
155511,SCT000000274,SAM000183130
155512,SCT000000274,SAM000183131
155513,SCT000000274,SAM000183132
155514,SCT000000274,SAM000183133
155515,SCT000000274,SAM000183134
155516,SCT000000274,SAM000183135
155517,SCT000000274,SAM000183136
155518,SCT000000274,SAM000183137
155519,SCT000000274,SAM000183138
155520,SCT000000274,SAM000183139
155521,SCT000000274,SAM000183140
155522,SCT000000274,SAM000183141
155523,SCT000000274,SAM000183143
155524,SCT000000274,SAM000183129
155525,SCT000000274,SAM000183177
155526,SCT000000274,SAM000183179
155527,SCT000000274,SAM000183180
155528,SCT000000274,SAM000183214
155529,SCT000000274,SAM000183215
155530,SCT000000274,SAM000183216
155531,SCT000000274,SAM000183218
155532,SCT000000274,SAM000183219
155533,SCT000000274,SAM000183220
155534,SCT000000274,SAM000183221
155535,SCT000000274,SAM000183222
155536,SCT000000274,SAM000183223
155537,SCT000000274,SAM000183224
155538,SCT000000274,SAM000183225
155539,SCT000000274,SAM000183226
155540,SCT000000274,SAM000183227
155541,SCT000000274,SAM000183213
155542,SCT000000274,SAM000183228
155543,SCT000000274,SAM000183230
155544,SCT000000274,SAM000183231
155545,SCT000000274,SAM000183232
155546,SCT000000274,SAM000183233
155547,SCT000000274,SAM000183234
155548,SCT000000274,SAM000183235
155549,SCT000000274,SAM000183236
155550,SCT000000274,SAM000183237
155551,SCT000000274,SAM000183238
155552,SCT000000274,SAM000183239
155553,SCT000000274,SAM000183240
155554,SCT000000274,SAM000183241
155555,SCT000000274,SAM000183242
155556,SCT000000274,SAM000183229
155557,SCT000000274,SAM000183112
155558,SCT000000274,SAM000183212
155559,SCT000000274,SAM000183210
155560,SCT000000274,SAM000183181
155561,SCT000000274,SAM000183182
155562,SCT000000274,SAM000183183
155563,SCT000000274,SAM000183184
155564,SCT000000274,SAM000183185
155565,SCT000000274,SAM000183186
155566,SCT000000274,SAM000183187
155567,SCT000000274,SAM000183188
155568,SCT000000274,SAM000183189
155569,SCT000000274,SAM000183190
155570,SCT000000274,SAM000183191
155571,SCT000000274,SAM000183192
155572,SCT000000274,SAM000183193
155573,SCT000000274,SAM000183211
155574,SCT000000274,SAM000183194
155575,SCT000000274,SAM000183196
155576,SCT000000274,SAM000183197
155577,SCT000000274,SAM000183198
155578,SCT000000274,SAM000183199
155579,SCT000000274,SAM000183200
155580,SCT000000274,SAM000183201
155581,SCT000000274,SAM000183202
155582,SCT000000274,SAM000183203
155583,SCT000000274,SAM000183204
155584,SCT000000274,SAM000183205
155585,SCT000000274,SAM000183206
155586,SCT000000274,SAM000183207
155587,SCT000000274,SAM000183209
155588,SCT000000274,SAM000183195
155589,SCT000000274,SAM000183243
155590,SCT000000274,SAM000183111
155591,SCT000000274,SAM000183109
155592,SCT000000274,SAM000183015
155593,SCT000000274,SAM000183016
155594,SCT000000274,SAM000183017
155595,SCT000000274,SAM000183018
155596,SCT000000274,SAM000183019
155597,SCT000000274,SAM000183020
155598,SCT000000274,SAM000183021
155599,SCT000000274,SAM000183022
155600,SCT000000274,SAM000183023
155601,SCT000000274,SAM000183024
155602,SCT000000274,SAM000183026
155603,SCT000000274,SAM000183027
155604,SCT000000274,SAM000183028
155605,SCT000000274,SAM000183029
155606,SCT000000274,SAM000183030
155607,SCT000000274,SAM000183031
155608,SCT000000274,SAM000183033
155609,SCT000000274,SAM000183034
155610,SCT000000274,SAM000183035
155611,SCT000000274,SAM000183036
155612,SCT000000274,SAM000183037
155613,SCT000000274,SAM000183038
155614,SCT000000274,SAM000183039
155615,SCT000000274,SAM000183040
155616,SCT000000274,SAM000183041
155617,SCT000000274,SAM000183042
155618,SCT000000274,SAM000183043
155619,SCT000000274,SAM000183014
155620,SCT000000274,SAM000183011
155621,SCT000000274,SAM000183010
155622,SCT000000274,SAM000183009
155623,SCT000000274,SAM000182976
155624,SCT000000274,SAM000182977
155625,SCT000000274,SAM000182978
155626,SCT000000274,SAM000182981
155627,SCT000000274,SAM000182982
155628,SCT000000274,SAM000182983
155629,SCT000000274,SAM000182985
155630,SCT000000274,SAM000182986
155631,SCT000000274,SAM000182987
155632,SCT000000274,SAM000182989
155633,SCT000000274,SAM000182990
155634,SCT000000274,SAM000182991
155635,SCT000000274,SAM000182992
155636,SCT000000274,SAM000183044
155637,SCT000000274,SAM000182993
155638,SCT000000274,SAM000182995
155639,SCT000000274,SAM000182996
155640,SCT000000274,SAM000182997
155641,SCT000000274,SAM000182998
155642,SCT000000274,SAM000183000
155643,SCT000000274,SAM000183001
155644,SCT000000274,SAM000183002
155645,SCT000000274,SAM000183003
155646,SCT000000274,SAM000183004
155647,SCT000000274,SAM000183005
155648,SCT000000274,SAM000183006
155649,SCT000000274,SAM000183007
155650,SCT000000274,SAM000183008
155651,SCT000000274,SAM000182994
155652,SCT000000274,SAM000183045
155653,SCT000000274,SAM000183047
155654,SCT000000274,SAM000183048
155655,SCT000000274,SAM000183081
155656,SCT000000274,SAM000183082
155657,SCT000000274,SAM000183083
155658,SCT000000274,SAM000183084
155659,SCT000000274,SAM000183085
155660,SCT000000274,SAM000183086
155661,SCT000000274,SAM000183087
155662,SCT000000274,SAM000183088
155663,SCT000000274,SAM000183089
155664,SCT000000274,SAM000183090
155665,SCT000000274,SAM000183091
155666,SCT000000274,SAM000183092
155667,SCT000000274,SAM000183093
155668,SCT000000274,SAM000183080
155669,SCT000000274,SAM000183094
155670,SCT000000274,SAM000183096
155671,SCT000000274,SAM000183097
155672,SCT000000274,SAM000183098
155673,SCT000000274,SAM000183099
155674,SCT000000274,SAM000183100
155675,SCT000000274,SAM000183101
155676,SCT000000274,SAM000183102
155677,SCT000000274,SAM000183103
155678,SCT000000274,SAM000183104
155679,SCT000000274,SAM000183105
155680,SCT000000274,SAM000183106
155681,SCT000000274,SAM000183107
155682,SCT000000274,SAM000183108
155683,SCT000000274,SAM000183095
155684,SCT000000274,SAM000183110
155685,SCT000000274,SAM000183079
155686,SCT000000274,SAM000183077
155687,SCT000000274,SAM000183049
155688,SCT000000274,SAM000183050
155689,SCT000000274,SAM000183051
155690,SCT000000274,SAM000183052
155691,SCT000000274,SAM000183053
155692,SCT000000274,SAM000183054
155693,SCT000000274,SAM000183055
155694,SCT000000274,SAM000183056
155695,SCT000000274,SAM000183057
155696,SCT000000274,SAM000183058
155697,SCT000000274,SAM000183059
155698,SCT000000274,SAM000183060
155699,SCT000000274,SAM000183061
155700,SCT000000274,SAM000183078
155701,SCT000000274,SAM000183062
155702,SCT000000274,SAM000183064
155703,SCT000000274,SAM000183065
155704,SCT000000274,SAM000183066
155705,SCT000000274,SAM000183067
155706,SCT000000274,SAM000183068
155707,SCT000000274,SAM000183069
155708,SCT000000274,SAM000183070
155709,SCT000000274,SAM000183071
155710,SCT000000274,SAM000183072
155711,SCT000000274,SAM000183073
155712,SCT000000274,SAM000183074
155713,SCT000000274,SAM000183075
155714,SCT000000274,SAM000183076
155715,SCT000000274,SAM000183063
155716,SCT000000274,SAM000183244
155717,SCT000000274,SAM000183245
155718,SCT000000274,SAM000183248
155719,SCT000000274,SAM000183425
155720,SCT000000274,SAM000183426
155721,SCT000000274,SAM000183427
155722,SCT000000274,SAM000183428
155723,SCT000000274,SAM000183429
155724,SCT000000274,SAM000183430
155725,SCT000000274,SAM000183432
155726,SCT000000274,SAM000183433
155727,SCT000000274,SAM000183434
155728,SCT000000274,SAM000183435
155729,SCT000000274,SAM000183436
155730,SCT000000274,SAM000183437
155731,SCT000000274,SAM000183438
155732,SCT000000274,SAM000183439
155733,SCT000000274,SAM000183440
155734,SCT000000274,SAM000183441
155735,SCT000000274,SAM000183442
155736,SCT000000274,SAM000183443
155737,SCT000000274,SAM000183444
155738,SCT000000274,SAM000183445
155739,SCT000000274,SAM000183446
155740,SCT000000274,SAM000183447
155741,SCT000000274,SAM000183448
155742,SCT000000274,SAM000183449
155743,SCT000000274,SAM000183450
155744,SCT000000274,SAM000183451
155745,SCT000000274,SAM000183452
155746,SCT000000274,SAM000183424
155747,SCT000000274,SAM000183423
155748,SCT000000274,SAM000183421
155749,SCT000000274,SAM000183419
155750,SCT000000274,SAM000183386
155751,SCT000000274,SAM000183387
155752,SCT000000274,SAM000183388
155753,SCT000000274,SAM000183389
155754,SCT000000274,SAM000183390
155755,SCT000000274,SAM000183391
155756,SCT000000274,SAM000183392
155757,SCT000000274,SAM000183393
155758,SCT000000274,SAM000183395
155759,SCT000000274,SAM000183396
155760,SCT000000274,SAM000183397
155761,SCT000000274,SAM000183398
155762,SCT000000274,SAM000183399
155763,SCT000000274,SAM000183453
155764,SCT000000274,SAM000183400
155765,SCT000000274,SAM000183402
155766,SCT000000274,SAM000183403
155767,SCT000000274,SAM000183404
155768,SCT000000274,SAM000183407
155769,SCT000000274,SAM000183408
155770,SCT000000274,SAM000183409
155771,SCT000000274,SAM000183410
155772,SCT000000274,SAM000183411
155773,SCT000000274,SAM000183413
155774,SCT000000274,SAM000183414
155775,SCT000000274,SAM000183416
155776,SCT000000274,SAM000183417
155777,SCT000000274,SAM000183418
155778,SCT000000274,SAM000183401
155779,SCT000000274,SAM000183454
155780,SCT000000274,SAM000183456
155781,SCT000000274,SAM000183457
155782,SCT000000274,SAM000183491
155783,SCT000000274,SAM000183492
155784,SCT000000274,SAM000183493
155785,SCT000000274,SAM000183495
155786,SCT000000274,SAM000183496
155787,SCT000000274,SAM000183497
155788,SCT000000274,SAM000183499
155789,SCT000000274,SAM000183500
155790,SCT000000274,SAM000183501
155791,SCT000000274,SAM000183502
155792,SCT000000274,SAM000183503
155793,SCT000000274,SAM000183504
155794,SCT000000274,SAM000183505
155795,SCT000000274,SAM000183490
155796,SCT000000274,SAM000183506
155797,SCT000000274,SAM000183508
155798,SCT000000274,SAM000183510
155799,SCT000000274,SAM000183511
155800,SCT000000274,SAM000183513
155801,SCT000000274,SAM000183515
155802,SCT000000274,SAM000183516
155803,SCT000000274,SAM000183517
155804,SCT000000274,SAM000183518
155805,SCT000000274,SAM000183519
155806,SCT000000274,SAM000183520
155807,SCT000000274,SAM000183521
155808,SCT000000274,SAM000183522
155809,SCT000000274,SAM000183523
155810,SCT000000274,SAM000183507
155811,SCT000000274,SAM000183385
155812,SCT000000274,SAM000183489
155813,SCT000000274,SAM000183486
155814,SCT000000274,SAM000183458
155815,SCT000000274,SAM000183459
155816,SCT000000274,SAM000183460
155817,SCT000000274,SAM000183461
155818,SCT000000274,SAM000183462
155819,SCT000000274,SAM000183463
155820,SCT000000274,SAM000183464
155821,SCT000000274,SAM000183465
155822,SCT000000274,SAM000183466
155823,SCT000000274,SAM000183467
155824,SCT000000274,SAM000183468
155825,SCT000000274,SAM000183469
155826,SCT000000274,SAM000183470
155827,SCT000000274,SAM000183487
155828,SCT000000274,SAM000183471
155829,SCT000000274,SAM000183473
155830,SCT000000274,SAM000183474
155831,SCT000000274,SAM000183475
155832,SCT000000274,SAM000183476
155833,SCT000000274,SAM000183477
155834,SCT000000274,SAM000183478
155835,SCT000000274,SAM000183479
155836,SCT000000274,SAM000183480
155837,SCT000000274,SAM000183481
155838,SCT000000274,SAM000183482
155839,SCT000000274,SAM000183483
155840,SCT000000274,SAM000183484
155841,SCT000000274,SAM000183485
155842,SCT000000274,SAM000183472
155843,SCT000000274,SAM000183384
155844,SCT000000274,SAM000183383
155845,SCT000000274,SAM000183382
155846,SCT000000274,SAM000183285
155847,SCT000000274,SAM000183286
155848,SCT000000274,SAM000183287
155849,SCT000000274,SAM000183289
155850,SCT000000274,SAM000183290
155851,SCT000000274,SAM000183291
155852,SCT000000274,SAM000183293
155853,SCT000000274,SAM000183294
155854,SCT000000274,SAM000183295
155855,SCT000000274,SAM000183296
155856,SCT000000274,SAM000183297
155857,SCT000000274,SAM000183298
155858,SCT000000274,SAM000183299
155859,SCT000000274,SAM000183284
155860,SCT000000274,SAM000183300
155861,SCT000000274,SAM000183302
155862,SCT000000274,SAM000183303
155863,SCT000000274,SAM000183304
155864,SCT000000274,SAM000183305
155865,SCT000000274,SAM000183306
155866,SCT000000274,SAM000183307
155867,SCT000000274,SAM000183308
155868,SCT000000274,SAM000183309
155869,SCT000000274,SAM000183310
155870,SCT000000274,SAM000183311
155871,SCT000000274,SAM000183312
155872,SCT000000274,SAM000183313
155873,SCT000000274,SAM000183314
155874,SCT000000274,SAM000183301
155875,SCT000000274,SAM000183315
155876,SCT000000274,SAM000183283
155877,SCT000000274,SAM000183281
155878,SCT000000274,SAM000183249
155879,SCT000000274,SAM000183251
155880,SCT000000274,SAM000183252
155881,SCT000000274,SAM000183253
155882,SCT000000274,SAM000183254
155883,SCT000000274,SAM000183255
155884,SCT000000274,SAM000183256
155885,SCT000000274,SAM000183257
155886,SCT000000274,SAM000183258
155887,SCT000000274,SAM000183260
155888,SCT000000274,SAM000183261
155889,SCT000000274,SAM000183262
155890,SCT000000274,SAM000183265
155891,SCT000000274,SAM000183282
155892,SCT000000274,SAM000183266
155893,SCT000000274,SAM000183268
155894,SCT000000274,SAM000183269
155895,SCT000000274,SAM000183270
155896,SCT000000274,SAM000183271
155897,SCT000000274,SAM000183272
155898,SCT000000274,SAM000183273
155899,SCT000000274,SAM000183274
155900,SCT000000274,SAM000183275
155901,SCT000000274,SAM000183276
155902,SCT000000274,SAM000183277
155903,SCT000000274,SAM000183278
155904,SCT000000274,SAM000183279
155905,SCT000000274,SAM000183280
155906,SCT000000274,SAM000183267
155907,SCT000000274,SAM000182975
155908,SCT000000274,SAM000183316
155909,SCT000000274,SAM000183318
155910,SCT000000274,SAM000183352
155911,SCT000000274,SAM000183353
155912,SCT000000274,SAM000183354
155913,SCT000000274,SAM000183356
155914,SCT000000274,SAM000183357
155915,SCT000000274,SAM000183358
155916,SCT000000274,SAM000183359
155917,SCT000000274,SAM000183360
155918,SCT000000274,SAM000183361
155919,SCT000000274,SAM000183362
155920,SCT000000274,SAM000183363
155921,SCT000000274,SAM000183364
155922,SCT000000274,SAM000183366
155923,SCT000000274,SAM000183351
155924,SCT000000274,SAM000183367
155925,SCT000000274,SAM000183369
155926,SCT000000274,SAM000183370
155927,SCT000000274,SAM000183371
155928,SCT000000274,SAM000183372
155929,SCT000000274,SAM000183373
155930,SCT000000274,SAM000183374
155931,SCT000000274,SAM000183375
155932,SCT000000274,SAM000183376
155933,SCT000000274,SAM000183377
155934,SCT000000274,SAM000183378
155935,SCT000000274,SAM000183379
155936,SCT000000274,SAM000183380
155937,SCT000000274,SAM000183381
155938,SCT000000274,SAM000183368
155939,SCT000000274,SAM000183317
155940,SCT000000274,SAM000183350
155941,SCT000000274,SAM000183347
155942,SCT000000274,SAM000183319
155943,SCT000000274,SAM000183320
155944,SCT000000274,SAM000183321
155945,SCT000000274,SAM000183322
155946,SCT000000274,SAM000183323
155947,SCT000000274,SAM000183324
155948,SCT000000274,SAM000183325
155949,SCT000000274,SAM000183326
155950,SCT000000274,SAM000183327
155951,SCT000000274,SAM000183328
155952,SCT000000274,SAM000183329
155953,SCT000000274,SAM000183330
155954,SCT000000274,SAM000183331
155955,SCT000000274,SAM000183349
155956,SCT000000274,SAM000183332
155957,SCT000000274,SAM000183334
155958,SCT000000274,SAM000183335
155959,SCT000000274,SAM000183336
155960,SCT000000274,SAM000183337
155961,SCT000000274,SAM000183338
155962,SCT000000274,SAM000183339
155963,SCT000000274,SAM000183340
155964,SCT000000274,SAM000183341
155965,SCT000000274,SAM000183342
155966,SCT000000274,SAM000183343
155967,SCT000000274,SAM000183344
155968,SCT000000274,SAM000183345
155969,SCT000000274,SAM000183346
155970,SCT000000274,SAM000183333
155971,SCT000000274,SAM000182973
155972,SCT000000274,SAM000182972
155973,SCT000000274,SAM000182971
155974,SCT000000274,SAM000182617
155975,SCT000000274,SAM000182618
155976,SCT000000274,SAM000182619
155977,SCT000000274,SAM000182620
155978,SCT000000274,SAM000182622
155979,SCT000000274,SAM000182623
155980,SCT000000274,SAM000182624
155981,SCT000000274,SAM000182625
155982,SCT000000274,SAM000182626
155983,SCT000000274,SAM000182627
155984,SCT000000274,SAM000182628
155985,SCT000000274,SAM000182629
155986,SCT000000274,SAM000182630
155987,SCT000000274,SAM000182631
155988,SCT000000274,SAM000182632
155989,SCT000000274,SAM000182633
155990,SCT000000274,SAM000182634
155991,SCT000000274,SAM000182635
155992,SCT000000274,SAM000182637
155993,SCT000000274,SAM000182638
155994,SCT000000274,SAM000182639
155995,SCT000000274,SAM000182640
155996,SCT000000274,SAM000182641
155997,SCT000000274,SAM000182643
155998,SCT000000274,SAM000182645
155999,SCT000000274,SAM000182646
156000,SCT000000274,SAM000182647
156001,SCT000000274,SAM000182616
156002,SCT000000274,SAM000182615
156003,SCT000000274,SAM000182614
156004,SCT000000274,SAM000182613
156005,SCT000000274,SAM000182583
156006,SCT000000274,SAM000182584
156007,SCT000000274,SAM000182585
156008,SCT000000274,SAM000182586
156009,SCT000000274,SAM000182587
156010,SCT000000274,SAM000182588
156011,SCT000000274,SAM000182589
156012,SCT000000274,SAM000182590
156013,SCT000000274,SAM000182592
156014,SCT000000274,SAM000182593
156015,SCT000000274,SAM000182594
156016,SCT000000274,SAM000182595
156017,SCT000000274,SAM000182596
156018,SCT000000274,SAM000182648
156019,SCT000000274,SAM000182597
156020,SCT000000274,SAM000182599
156021,SCT000000274,SAM000182600
156022,SCT000000274,SAM000182601
156023,SCT000000274,SAM000182602
156024,SCT000000274,SAM000182603
156025,SCT000000274,SAM000182604
156026,SCT000000274,SAM000182605
156027,SCT000000274,SAM000182606
156028,SCT000000274,SAM000182607
156029,SCT000000274,SAM000182608
156030,SCT000000274,SAM000182609
156031,SCT000000274,SAM000182611
156032,SCT000000274,SAM000182612
156033,SCT000000274,SAM000182598
156034,SCT000000274,SAM000182649
156035,SCT000000274,SAM000182650
156036,SCT000000274,SAM000182651
156037,SCT000000274,SAM000182688
156038,SCT000000274,SAM000182689
156039,SCT000000274,SAM000182690
156040,SCT000000274,SAM000182691
156041,SCT000000274,SAM000182692
156042,SCT000000274,SAM000182693
156043,SCT000000274,SAM000182694
156044,SCT000000274,SAM000182695
156045,SCT000000274,SAM000182696
156046,SCT000000274,SAM000182697
156047,SCT000000274,SAM000182698
156048,SCT000000274,SAM000182699
156049,SCT000000274,SAM000182700
156050,SCT000000274,SAM000182687
156051,SCT000000274,SAM000182701
156052,SCT000000274,SAM000182703
156053,SCT000000274,SAM000182704
156054,SCT000000274,SAM000182705
156055,SCT000000274,SAM000182707
156056,SCT000000274,SAM000182708
156057,SCT000000274,SAM000183854
156058,SCT000000274,SAM000183855
156059,SCT000000274,SAM000183856
156060,SCT000000274,SAM000183858
156061,SCT000000274,SAM000183859
156062,SCT000000274,SAM000183860
156063,SCT000000274,SAM000183861
156064,SCT000000274,SAM000183862
156065,SCT000000274,SAM000182702
156066,SCT000000274,SAM000182581
156067,SCT000000274,SAM000182686
156068,SCT000000274,SAM000182684
156069,SCT000000274,SAM000182652
156070,SCT000000274,SAM000182653
156071,SCT000000274,SAM000182654
156072,SCT000000274,SAM000182655
156073,SCT000000274,SAM000182656
156074,SCT000000274,SAM000182657
156075,SCT000000274,SAM000182658
156076,SCT000000274,SAM000182660
156077,SCT000000274,SAM000182661
156078,SCT000000274,SAM000182662
156079,SCT000000274,SAM000182663
156080,SCT000000274,SAM000182664
156081,SCT000000274,SAM000182665
156082,SCT000000274,SAM000182685
156083,SCT000000274,SAM000182666
156084,SCT000000274,SAM000182668
156085,SCT000000274,SAM000182669
156086,SCT000000274,SAM000182670
156087,SCT000000274,SAM000182671
156088,SCT000000274,SAM000182674
156089,SCT000000274,SAM000182675
156090,SCT000000274,SAM000182677
156091,SCT000000274,SAM000182678
156092,SCT000000274,SAM000182679
156093,SCT000000274,SAM000182680
156094,SCT000000274,SAM000182681
156095,SCT000000274,SAM000182682
156096,SCT000000274,SAM000182683
156097,SCT000000274,SAM000182667
156098,SCT000000274,SAM000182580
156099,SCT000000274,SAM000182579
156100,SCT000000274,SAM000182578
156101,SCT000000274,SAM000183488
156102,SCT000000274,SAM000183494
156103,SCT000000274,SAM000183498
156104,SCT000000274,SAM000183509
156105,SCT000000274,SAM000183512
156106,SCT000000274,SAM000183455
156107,SCT000000274,SAM000183863
156108,SCT000000274,SAM000183514
156109,SCT000000274,SAM000182548
156110,SCT000000274,SAM000182549
156111,SCT000000274,SAM000182550
156112,SCT000000274,SAM000182551
156113,SCT000000274,SAM000182552
156114,SCT000000274,SAM000182553
156115,SCT000000274,SAM000182554
156116,SCT000000274,SAM000182555
156117,SCT000000274,SAM000182556
156118,SCT000000274,SAM000182557
156119,SCT000000274,SAM000182558
156120,SCT000000274,SAM000182559
156121,SCT000000274,SAM000182560
156122,SCT000000274,SAM000182547
156123,SCT000000274,SAM000182562
156124,SCT000000274,SAM000182564
156125,SCT000000274,SAM000182565
156126,SCT000000274,SAM000182566
156127,SCT000000274,SAM000182567
156128,SCT000000274,SAM000182568
156129,SCT000000274,SAM000182569
156130,SCT000000274,SAM000182570
156131,SCT000000274,SAM000182571
156132,SCT000000274,SAM000182572
156133,SCT000000274,SAM000182573
156134,SCT000000274,SAM000182574
156135,SCT000000274,SAM000182575
156136,SCT000000274,SAM000182577
156137,SCT000000274,SAM000182563
156138,SCT000000274,SAM000182546
156139,SCT000000274,SAM000182544
156140,SCT000000274,SAM000183524
156141,SCT000000274,SAM000183525
156142,SCT000000274,SAM000183526
156143,SCT000000274,SAM000183527
156144,SCT000000274,SAM000183528
156145,SCT000000274,SAM000183530
156146,SCT000000274,SAM000182545
156147,SCT000000274,SAM000183531
156148,SCT000000274,SAM000183534
156149,SCT000000274,SAM000183535
156150,SCT000000274,SAM000183536
156151,SCT000000274,SAM000183537
156152,SCT000000274,SAM000183538
156153,SCT000000274,SAM000182536
156154,SCT000000274,SAM000182537
156155,SCT000000274,SAM000182538
156156,SCT000000274,SAM000182539
156157,SCT000000274,SAM000182540
156158,SCT000000274,SAM000182541
156159,SCT000000274,SAM000182542
156160,SCT000000274,SAM000182543
156161,SCT000000274,SAM000183533
156162,SCT000000274,SAM000183865
156163,SCT000000274,SAM000183868
156164,SCT000000274,SAM000182867
156165,SCT000000274,SAM000182868
156166,SCT000000274,SAM000182869
156167,SCT000000274,SAM000182870
156168,SCT000000274,SAM000182872
156169,SCT000000274,SAM000182873
156170,SCT000000274,SAM000182874
156171,SCT000000274,SAM000182878
156172,SCT000000274,SAM000182879
156173,SCT000000274,SAM000182880
156174,SCT000000274,SAM000182881
156175,SCT000000274,SAM000182882
156176,SCT000000274,SAM000182883
156177,SCT000000274,SAM000182885
156178,SCT000000274,SAM000182887
156179,SCT000000274,SAM000182888
156180,SCT000000274,SAM000182889
156181,SCT000000274,SAM000182890
156182,SCT000000274,SAM000182891
156183,SCT000000274,SAM000182892
156184,SCT000000274,SAM000182893
156185,SCT000000274,SAM000182894
156186,SCT000000274,SAM000182895
156187,SCT000000274,SAM000182896
156188,SCT000000274,SAM000182897
156189,SCT000000274,SAM000182898
156190,SCT000000274,SAM000182899
156191,SCT000000274,SAM000182866
156192,SCT000000274,SAM000182865
156193,SCT000000274,SAM000182864
156194,SCT000000274,SAM000182863
156195,SCT000000274,SAM000182835
156196,SCT000000274,SAM000182836
156197,SCT000000274,SAM000182837
156198,SCT000000274,SAM000182838
156199,SCT000000274,SAM000182839
156200,SCT000000274,SAM000182840
156201,SCT000000274,SAM000182841
156202,SCT000000274,SAM000182842
156203,SCT000000274,SAM000182843
156204,SCT000000274,SAM000182844
156205,SCT000000274,SAM000182845
156206,SCT000000274,SAM000182846
156207,SCT000000274,SAM000182847
156208,SCT000000274,SAM000182900
156209,SCT000000274,SAM000182848
156210,SCT000000274,SAM000182850
156211,SCT000000274,SAM000182851
156212,SCT000000274,SAM000182852
156213,SCT000000274,SAM000182853
156214,SCT000000274,SAM000182854
156215,SCT000000274,SAM000182855
156216,SCT000000274,SAM000182856
156217,SCT000000274,SAM000182857
156218,SCT000000274,SAM000182858
156219,SCT000000274,SAM000182859
156220,SCT000000274,SAM000182860
156221,SCT000000274,SAM000182861
156222,SCT000000274,SAM000182862
156223,SCT000000274,SAM000182849
156224,SCT000000274,SAM000182901
156225,SCT000000274,SAM000182902
156226,SCT000000274,SAM000182903
156227,SCT000000274,SAM000182940
156228,SCT000000274,SAM000182941
156229,SCT000000274,SAM000182942
156230,SCT000000274,SAM000182943
156231,SCT000000274,SAM000182944
156232,SCT000000274,SAM000182945
156233,SCT000000274,SAM000182946
156234,SCT000000274,SAM000182947
156235,SCT000000274,SAM000182948
156236,SCT000000274,SAM000182949
156237,SCT000000274,SAM000182950
156238,SCT000000274,SAM000182952
156239,SCT000000274,SAM000182953
156240,SCT000000274,SAM000182939
156241,SCT000000274,SAM000182954
156242,SCT000000274,SAM000182956
156243,SCT000000274,SAM000182957
156244,SCT000000274,SAM000182958
156245,SCT000000274,SAM000182959
156246,SCT000000274,SAM000182960
156247,SCT000000274,SAM000182961
156248,SCT000000274,SAM000182962
156249,SCT000000274,SAM000182963
156250,SCT000000274,SAM000182964
156251,SCT000000274,SAM000182967
156252,SCT000000274,SAM000182968
156253,SCT000000274,SAM000182969
156254,SCT000000274,SAM000182970
156255,SCT000000274,SAM000182955
156256,SCT000000274,SAM000182834
156257,SCT000000274,SAM000182938
156258,SCT000000274,SAM000182936
156259,SCT000000274,SAM000182904
156260,SCT000000274,SAM000182905
156261,SCT000000274,SAM000182906
156262,SCT000000274,SAM000182907
156263,SCT000000274,SAM000182908
156264,SCT000000274,SAM000182909
156265,SCT000000274,SAM000182912
156266,SCT000000274,SAM000182913
156267,SCT000000274,SAM000182914
156268,SCT000000274,SAM000182915
156269,SCT000000274,SAM000182916
156270,SCT000000274,SAM000182917
156271,SCT000000274,SAM000182918
156272,SCT000000274,SAM000182937
156273,SCT000000274,SAM000182919
156274,SCT000000274,SAM000182921
156275,SCT000000274,SAM000182922
156276,SCT000000274,SAM000182923
156277,SCT000000274,SAM000182924
156278,SCT000000274,SAM000182925
156279,SCT000000274,SAM000182927
156280,SCT000000274,SAM000182928
156281,SCT000000274,SAM000182930
156282,SCT000000274,SAM000182931
156283,SCT000000274,SAM000182932
156284,SCT000000274,SAM000182933
156285,SCT000000274,SAM000182934
156286,SCT000000274,SAM000182935
156287,SCT000000274,SAM000182920
156288,SCT000000274,SAM000182833
156289,SCT000000274,SAM000182832
156290,SCT000000274,SAM000182831
156291,SCT000000274,SAM000182736
156292,SCT000000274,SAM000182737
156293,SCT000000274,SAM000182738
156294,SCT000000274,SAM000182739
156295,SCT000000274,SAM000182740
156296,SCT000000274,SAM000182741
156297,SCT000000274,SAM000182742
156298,SCT000000274,SAM000182743
156299,SCT000000274,SAM000182744
156300,SCT000000274,SAM000182745
156301,SCT000000274,SAM000182746
156302,SCT000000274,SAM000182747
156303,SCT000000274,SAM000182748
156304,SCT000000274,SAM000182735
156305,SCT000000274,SAM000182749
156306,SCT000000274,SAM000182751
156307,SCT000000274,SAM000182752
156308,SCT000000274,SAM000182753
156309,SCT000000274,SAM000182754
156310,SCT000000274,SAM000182755
156311,SCT000000274,SAM000182756
156312,SCT000000274,SAM000182757
156313,SCT000000274,SAM000182758
156314,SCT000000274,SAM000182759
156315,SCT000000274,SAM000182760
156316,SCT000000274,SAM000182761
156317,SCT000000274,SAM000182762
156318,SCT000000274,SAM000182763
156319,SCT000000274,SAM000182750
156320,SCT000000274,SAM000182764
156321,SCT000000274,SAM000182734
156322,SCT000000274,SAM000182732
156323,SCT000000274,SAM000183871
156324,SCT000000274,SAM000183872
156325,SCT000000274,SAM000183873
156326,SCT000000274,SAM000183874
156327,SCT000000274,SAM000183877
156328,SCT000000274,SAM000183879
156329,SCT000000274,SAM000183883
156330,SCT000000274,SAM000182709
156331,SCT000000274,SAM000182710
156332,SCT000000274,SAM000182711
156333,SCT000000274,SAM000182712
156334,SCT000000274,SAM000182713
156335,SCT000000274,SAM000182714
156336,SCT000000274,SAM000182733
156337,SCT000000274,SAM000182715
156338,SCT000000274,SAM000182717
156339,SCT000000274,SAM000182718
156340,SCT000000274,SAM000182720
156341,SCT000000274,SAM000182722
156342,SCT000000274,SAM000182723
156343,SCT000000274,SAM000182724
156344,SCT000000274,SAM000182725
156345,SCT000000274,SAM000182726
156346,SCT000000274,SAM000182727
156347,SCT000000274,SAM000182728
156348,SCT000000274,SAM000182729
156349,SCT000000274,SAM000182730
156350,SCT000000274,SAM000182731
156351,SCT000000274,SAM000182716
156352,SCT000000274,SAM000183866
156353,SCT000000274,SAM000182765
156354,SCT000000274,SAM000182767
156355,SCT000000274,SAM000182802
156356,SCT000000274,SAM000182803
156357,SCT000000274,SAM000182804
156358,SCT000000274,SAM000182805
156359,SCT000000274,SAM000182806
156360,SCT000000274,SAM000182807
156361,SCT000000274,SAM000182808
156362,SCT000000274,SAM000182809
156363,SCT000000274,SAM000182811
156364,SCT000000274,SAM000182812
156365,SCT000000274,SAM000182813
156366,SCT000000274,SAM000182814
156367,SCT000000274,SAM000182815
156368,SCT000000274,SAM000182801
156369,SCT000000274,SAM000182816
156370,SCT000000274,SAM000182818
156371,SCT000000274,SAM000182819
156372,SCT000000274,SAM000182820
156373,SCT000000274,SAM000182821
156374,SCT000000274,SAM000182822
156375,SCT000000274,SAM000182823
156376,SCT000000274,SAM000182824
156377,SCT000000274,SAM000182825
156378,SCT000000274,SAM000182826
156379,SCT000000274,SAM000182827
156380,SCT000000274,SAM000182828
156381,SCT000000274,SAM000182829
156382,SCT000000274,SAM000182830
156383,SCT000000274,SAM000182817
156384,SCT000000274,SAM000182766
156385,SCT000000274,SAM000182800
156386,SCT000000274,SAM000182798
156387,SCT000000274,SAM000182770
156388,SCT000000274,SAM000182771
156389,SCT000000274,SAM000182772
156390,SCT000000274,SAM000182773
156391,SCT000000274,SAM000182774
156392,SCT000000274,SAM000182775
156393,SCT000000274,SAM000182776
156394,SCT000000274,SAM000182777
156395,SCT000000274,SAM000182778
156396,SCT000000274,SAM000182779
156397,SCT000000274,SAM000182780
156398,SCT000000274,SAM000182781
156399,SCT000000274,SAM000182782
156400,SCT000000274,SAM000182799
156401,SCT000000274,SAM000182783
156402,SCT000000274,SAM000182785
156403,SCT000000274,SAM000182786
156404,SCT000000274,SAM000182787
156405,SCT000000274,SAM000182788
156406,SCT000000274,SAM000182789
156407,SCT000000274,SAM000182790
156408,SCT000000274,SAM000182791
156409,SCT000000274,SAM000182792
156410,SCT000000274,SAM000182793
156411,SCT000000274,SAM000182794
156412,SCT000000274,SAM000182795
156413,SCT000000274,SAM000182796
156414,SCT000000274,SAM000182797
156415,SCT000000274,SAM000182784
156416,SCT000000274,SAM000182876
156417,SCT000000274,SAM000183113
156418,SCT000000274,SAM000183025
156419,SCT000000274,SAM000183012
156420,SCT000000274,SAM000182999
156421,SCT000000274,SAM000183046
156422,SCT000000274,SAM000183032
156423,SCT000000274,SAM000183217
156424,SCT000000274,SAM000183208
156425,SCT000000274,SAM000183250
156426,SCT000000274,SAM000183247
156427,SCT000000274,SAM000183246
156428,SCT000000274,SAM000183152
156429,SCT000000274,SAM000183142
156430,SCT000000274,SAM000183126
156431,SCT000000274,SAM000183178
156432,SCT000000274,SAM000181899
156433,SCT000000274,SAM000181898
156434,SCT000000274,SAM000181897
156435,SCT000000274,SAM000181896
156436,SCT000000274,SAM000181895
156437,SCT000000274,SAM000181894
156438,SCT000000274,SAM000181893
156439,SCT000000274,SAM000181892
156440,SCT000000274,SAM000181891
156441,SCT000000274,SAM000181890
156442,SCT000000274,SAM000181889
156443,SCT000000274,SAM000181888
156444,SCT000000274,SAM000181887
156445,SCT000000274,SAM000181885
156446,SCT000000274,SAM000181884
156447,SCT000000274,SAM000181883
156448,SCT000000274,SAM000181882
156449,SCT000000274,SAM000181881
156450,SCT000000274,SAM000181880
156451,SCT000000274,SAM000181879
156452,SCT000000274,SAM000181878
156453,SCT000000274,SAM000181877
156454,SCT000000274,SAM000181876
156455,SCT000000274,SAM000181875
156456,SCT000000274,SAM000181874
156457,SCT000000274,SAM000181873
156458,SCT000000274,SAM000181872
156459,SCT000000274,SAM000181900
156460,SCT000000274,SAM000181901
156461,SCT000000274,SAM000181871
156462,SCT000000274,SAM000181870
156463,SCT000000274,SAM000181869
156464,SCT000000274,SAM000181868
156465,SCT000000274,SAM000183842
156466,SCT000000274,SAM000183841
156467,SCT000000274,SAM000183840
156468,SCT000000274,SAM000183839
156469,SCT000000274,SAM000183836
156470,SCT000000274,SAM000183834
156471,SCT000000274,SAM000183832
156472,SCT000000274,SAM000183831
156473,SCT000000274,SAM000183830
156474,SCT000000274,SAM000183829
156475,SCT000000274,SAM000183828
156476,SCT000000274,SAM000183823
156477,SCT000000274,SAM000183822
156478,SCT000000274,SAM000183843
156479,SCT000000274,SAM000183821
156480,SCT000000274,SAM000183817
156481,SCT000000274,SAM000183816
156482,SCT000000274,SAM000183815
156483,SCT000000274,SAM000183814
156484,SCT000000274,SAM000183813
156485,SCT000000274,SAM000183810
156486,SCT000000274,SAM000183808
156487,SCT000000274,SAM000183807
156488,SCT000000274,SAM000183806
156489,SCT000000274,SAM000183805
156490,SCT000000274,SAM000183804
156491,SCT000000274,SAM000183802
156492,SCT000000274,SAM000183818
156493,SCT000000274,SAM000183845
156494,SCT000000274,SAM000183848
156495,SCT000000274,SAM000181867
156496,SCT000000274,SAM000181866
156497,SCT000000274,SAM000181865
156498,SCT000000274,SAM000181864
156499,SCT000000274,SAM000181863
156500,SCT000000274,SAM000181862
156501,SCT000000274,SAM000181861
156502,SCT000000274,SAM000181860
156503,SCT000000274,SAM000181859
156504,SCT000000274,SAM000181858
156505,SCT000000274,SAM000181857
156506,SCT000000274,SAM000181856
156507,SCT000000274,SAM000181855
156508,SCT000000274,SAM000183847
156509,SCT000000274,SAM000181854
156510,SCT000000274,SAM000181852
156511,SCT000000274,SAM000181851
156512,SCT000000274,SAM000181850
156513,SCT000000274,SAM000181849
156514,SCT000000274,SAM000181848
156515,SCT000000274,SAM000181847
156516,SCT000000274,SAM000181846
156517,SCT000000274,SAM000181845
156518,SCT000000274,SAM000183853
156519,SCT000000274,SAM000183852
156520,SCT000000274,SAM000183851
156521,SCT000000274,SAM000183850
156522,SCT000000274,SAM000183849
156523,SCT000000274,SAM000181853
156524,SCT000000274,SAM000182951
156525,SCT000000274,SAM000182988
156526,SCT000000274,SAM000182984
156527,SCT000000274,SAM000182980
156528,SCT000000274,SAM000182979
156529,SCT000000274,SAM000182974
156530,SCT000000274,SAM000182966
156531,SCT000000274,SAM000182965
156532,SCT000000274,SAM000182886
156533,SCT000000274,SAM000182884
156534,SCT000000274,SAM000182877
156535,SCT000000274,SAM000182875
156536,SCT000000274,SAM000182871
156537,SCT000000274,SAM000182929
156538,SCT000000274,SAM000182926
156539,SCT000000274,SAM000182911
156540,SCT000000274,SAM000182910
156541,SCT000000274,SAM000183707
156542,SCT000000274,SAM000183708
156543,SCT000000274,SAM000183709
156544,SCT000000274,SAM000183710
156545,SCT000000274,SAM000183711
156546,SCT000000274,SAM000183712
156547,SCT000000274,SAM000183713
156548,SCT000000274,SAM000183714
156549,SCT000000274,SAM000183715
156550,SCT000000274,SAM000183716
156551,SCT000000274,SAM000183717
156552,SCT000000274,SAM000183718
156553,SCT000000274,SAM000183719
156554,SCT000000274,SAM000183720
156555,SCT000000274,SAM000183721
156556,SCT000000274,SAM000183722
156557,SCT000000274,SAM000183723
156558,SCT000000274,SAM000183724
156559,SCT000000274,SAM000183725
156560,SCT000000274,SAM000183726
156561,SCT000000274,SAM000183727
156562,SCT000000274,SAM000183728
156563,SCT000000274,SAM000183729
156564,SCT000000274,SAM000183730
156565,SCT000000274,SAM000183731
156566,SCT000000274,SAM000183732
156567,SCT000000274,SAM000183733
156568,SCT000000274,SAM000183706
156569,SCT000000274,SAM000183705
156570,SCT000000274,SAM000183704
156571,SCT000000274,SAM000183703
156572,SCT000000274,SAM000183675
156573,SCT000000274,SAM000183676
156574,SCT000000274,SAM000183677
156575,SCT000000274,SAM000183678
156576,SCT000000274,SAM000183679
156577,SCT000000274,SAM000183680
156578,SCT000000274,SAM000183681
156579,SCT000000274,SAM000183682
156580,SCT000000274,SAM000183683
156581,SCT000000274,SAM000183684
156582,SCT000000274,SAM000183685
156583,SCT000000274,SAM000183686
156584,SCT000000274,SAM000183687
156585,SCT000000274,SAM000183734
156586,SCT000000274,SAM000183688
156587,SCT000000274,SAM000183690
156588,SCT000000274,SAM000183691
156589,SCT000000274,SAM000183692
156590,SCT000000274,SAM000183693
156591,SCT000000274,SAM000183694
156592,SCT000000274,SAM000183695
156593,SCT000000274,SAM000183696
156594,SCT000000274,SAM000183697
156595,SCT000000274,SAM000183698
156596,SCT000000274,SAM000183699
156597,SCT000000274,SAM000183700
156598,SCT000000274,SAM000183701
156599,SCT000000274,SAM000183702
156600,SCT000000274,SAM000183689
156601,SCT000000274,SAM000183735
156602,SCT000000274,SAM000183736
156603,SCT000000274,SAM000183737
156604,SCT000000274,SAM000183770
156605,SCT000000274,SAM000183772
156606,SCT000000274,SAM000183773
156607,SCT000000274,SAM000183774
156608,SCT000000274,SAM000183775
156609,SCT000000274,SAM000183776
156610,SCT000000274,SAM000183777
156611,SCT000000274,SAM000183778
156612,SCT000000274,SAM000183779
156613,SCT000000274,SAM000183780
156614,SCT000000274,SAM000183781
156615,SCT000000274,SAM000183782
156616,SCT000000274,SAM000183783
156617,SCT000000274,SAM000183769
156618,SCT000000274,SAM000183784
156619,SCT000000274,SAM000183786
156620,SCT000000274,SAM000183787
156621,SCT000000274,SAM000183788
156622,SCT000000274,SAM000183789
156623,SCT000000274,SAM000183790
156624,SCT000000274,SAM000183791
156625,SCT000000274,SAM000183792
156626,SCT000000274,SAM000183793
156627,SCT000000274,SAM000183794
156628,SCT000000274,SAM000183795
156629,SCT000000274,SAM000183796
156630,SCT000000274,SAM000183797
156631,SCT000000274,SAM000183798
156632,SCT000000274,SAM000183785
156633,SCT000000274,SAM000183674
156634,SCT000000274,SAM000183768
156635,SCT000000274,SAM000183766
156636,SCT000000274,SAM000183738
156637,SCT000000274,SAM000183739
156638,SCT000000274,SAM000183740
156639,SCT000000274,SAM000183741
156640,SCT000000274,SAM000183742
156641,SCT000000274,SAM000183743
156642,SCT000000274,SAM000183744
156643,SCT000000274,SAM000183745
156644,SCT000000274,SAM000183746
156645,SCT000000274,SAM000183747
156646,SCT000000274,SAM000183748
156647,SCT000000274,SAM000183749
156648,SCT000000274,SAM000183750
156649,SCT000000274,SAM000183767
156650,SCT000000274,SAM000183751
156651,SCT000000274,SAM000183753
156652,SCT000000274,SAM000183754
156653,SCT000000274,SAM000183755
156654,SCT000000274,SAM000183756
156655,SCT000000274,SAM000183757
156656,SCT000000274,SAM000183758
156657,SCT000000274,SAM000183759
156658,SCT000000274,SAM000183760
156659,SCT000000274,SAM000183761
156660,SCT000000274,SAM000183762
156661,SCT000000274,SAM000183763
156662,SCT000000274,SAM000183764
156663,SCT000000274,SAM000183765
156664,SCT000000274,SAM000183752
156665,SCT000000274,SAM000183673
156666,SCT000000274,SAM000183672
156667,SCT000000274,SAM000183671
156668,SCT000000274,SAM000183568
156669,SCT000000274,SAM000183569
156670,SCT000000274,SAM000183570
156671,SCT000000274,SAM000183571
156672,SCT000000274,SAM000183572
156673,SCT000000274,SAM000183573
156674,SCT000000274,SAM000183574
156675,SCT000000274,SAM000183575
156676,SCT000000274,SAM000183577
156677,SCT000000274,SAM000183578
156678,SCT000000274,SAM000183580
156679,SCT000000274,SAM000183581
156680,SCT000000274,SAM000183582
156681,SCT000000274,SAM000183566
156682,SCT000000274,SAM000183583
156683,SCT000000274,SAM000183585
156684,SCT000000274,SAM000183586
156685,SCT000000274,SAM000183587
156686,SCT000000274,SAM000183588
156687,SCT000000274,SAM000183589
156688,SCT000000274,SAM000183590
156689,SCT000000274,SAM000183591
156690,SCT000000274,SAM000183592
156691,SCT000000274,SAM000183593
156692,SCT000000274,SAM000183594
156693,SCT000000274,SAM000183595
156694,SCT000000274,SAM000183597
156695,SCT000000274,SAM000183598
156696,SCT000000274,SAM000183584
156697,SCT000000274,SAM000183599
156698,SCT000000274,SAM000183565
156699,SCT000000274,SAM000183563
156700,SCT000000274,SAM000183529
156701,SCT000000274,SAM000183539
156702,SCT000000274,SAM000183541
156703,SCT000000274,SAM000183542
156704,SCT000000274,SAM000183543
156705,SCT000000274,SAM000183544
156706,SCT000000274,SAM000183564
156707,SCT000000274,SAM000183545
156708,SCT000000274,SAM000183547
156709,SCT000000274,SAM000183548
156710,SCT000000274,SAM000183549
156711,SCT000000274,SAM000183551
156712,SCT000000274,SAM000183552
156713,SCT000000274,SAM000183553
156714,SCT000000274,SAM000183555
156715,SCT000000274,SAM000183556
156716,SCT000000274,SAM000183557
156717,SCT000000274,SAM000183558
156718,SCT000000274,SAM000183560
156719,SCT000000274,SAM000183561
156720,SCT000000274,SAM000183562
156721,SCT000000274,SAM000183546
156722,SCT000000274,SAM000183799
156723,SCT000000274,SAM000183600
156724,SCT000000274,SAM000183604
156725,SCT000000274,SAM000183640
156726,SCT000000274,SAM000183641
156727,SCT000000274,SAM000183643
156728,SCT000000274,SAM000183644
156729,SCT000000274,SAM000183645
156730,SCT000000274,SAM000183646
156731,SCT000000274,SAM000183647
156732,SCT000000274,SAM000183648
156733,SCT000000274,SAM000183649
156734,SCT000000274,SAM000183650
156735,SCT000000274,SAM000183651
156736,SCT000000274,SAM000183652
156737,SCT000000274,SAM000183654
156738,SCT000000274,SAM000183639
156739,SCT000000274,SAM000183655
156740,SCT000000274,SAM000183657
156741,SCT000000274,SAM000183658
156742,SCT000000274,SAM000183659
156743,SCT000000274,SAM000183660
156744,SCT000000274,SAM000183661
156745,SCT000000274,SAM000183662
156746,SCT000000274,SAM000183664
156747,SCT000000274,SAM000183665
156748,SCT000000274,SAM000183666
156749,SCT000000274,SAM000183667
156750,SCT000000274,SAM000183668
156751,SCT000000274,SAM000183669
156752,SCT000000274,SAM000183670
156753,SCT000000274,SAM000183656
156754,SCT000000274,SAM000183602
156755,SCT000000274,SAM000183638
156756,SCT000000274,SAM000183636
156757,SCT000000274,SAM000183605
156758,SCT000000274,SAM000183606
156759,SCT000000274,SAM000183607
156760,SCT000000274,SAM000183608
156761,SCT000000274,SAM000183609
156762,SCT000000274,SAM000183610
156763,SCT000000274,SAM000183611
156764,SCT000000274,SAM000183612
156765,SCT000000274,SAM000183613
156766,SCT000000274,SAM000183614
156767,SCT000000274,SAM000183615
156768,SCT000000274,SAM000183616
156769,SCT000000274,SAM000183617
156770,SCT000000274,SAM000183637
156771,SCT000000274,SAM000183618
156772,SCT000000274,SAM000183620
156773,SCT000000274,SAM000183621
156774,SCT000000274,SAM000183622
156775,SCT000000274,SAM000183623
156776,SCT000000274,SAM000183624
156777,SCT000000274,SAM000183625
156778,SCT000000274,SAM000183627
156779,SCT000000274,SAM000183628
156780,SCT000000274,SAM000183629
156781,SCT000000274,SAM000183630
156782,SCT000000274,SAM000183632
156783,SCT000000274,SAM000183633
156784,SCT000000274,SAM000183635
156785,SCT000000274,SAM000183619
156786,SCT000000274,SAM000183884
156787,SCT000000274,SAM000183653
156788,SCT000000274,SAM000183888
156789,SCT000000274,SAM000183422
156790,SCT000000274,SAM000183420
156791,SCT000000274,SAM000183415
156792,SCT000000274,SAM000183412
156793,SCT000000274,SAM000183406
156794,SCT000000274,SAM000183405
156795,SCT000000274,SAM000183431
156796,SCT000000274,SAM000184062
156797,SCT000000274,SAM000184065
156798,SCT000000274,SAM000184067
156799,SCT000000274,SAM000184070
156800,SCT000000274,SAM000184071
156801,SCT000000274,SAM000184074
156802,SCT000000274,SAM000184076
156803,SCT000000274,SAM000184077
156804,SCT000000274,SAM000184078
156805,SCT000000274,SAM000184079
156806,SCT000000274,SAM000184080
156807,SCT000000274,SAM000184081
156808,SCT000000274,SAM000184061
156809,SCT000000274,SAM000183264
156810,SCT000000274,SAM000183263
156811,SCT000000274,SAM000183259
156812,SCT000000274,SAM000183886
156813,SCT000000274,SAM000183394
156814,SCT000000274,SAM000183365
156815,SCT000000274,SAM000184060
156816,SCT000000274,SAM000184057
156817,SCT000000274,SAM000183926
156818,SCT000000274,SAM000183927
156819,SCT000000274,SAM000183929
156820,SCT000000274,SAM000183930
156821,SCT000000274,SAM000183931
156822,SCT000000274,SAM000183932
156823,SCT000000274,SAM000183933
156824,SCT000000274,SAM000183935
156825,SCT000000274,SAM000183937
156826,SCT000000274,SAM000183938
156827,SCT000000274,SAM000183939
156828,SCT000000274,SAM000183940
156829,SCT000000274,SAM000183941
156830,SCT000000274,SAM000183925
156831,SCT000000274,SAM000183942
156832,SCT000000274,SAM000183944
156833,SCT000000274,SAM000183945
156834,SCT000000274,SAM000183946
156835,SCT000000274,SAM000183949
156836,SCT000000274,SAM000183950
156837,SCT000000274,SAM000183951
156838,SCT000000274,SAM000183953
156839,SCT000000274,SAM000183955
156840,SCT000000274,SAM000183956
156841,SCT000000274,SAM000183957
156842,SCT000000274,SAM000183958
156843,SCT000000274,SAM000183959
156844,SCT000000274,SAM000183960
156845,SCT000000274,SAM000183943
156846,SCT000000274,SAM000183962
156847,SCT000000274,SAM000183924
156848,SCT000000274,SAM000183920
156849,SCT000000274,SAM000183890
156850,SCT000000274,SAM000183891
156851,SCT000000274,SAM000183892
156852,SCT000000274,SAM000184059
156853,SCT000000274,SAM000183893
156854,SCT000000274,SAM000183894
156855,SCT000000274,SAM000183895
156856,SCT000000274,SAM000183896
156857,SCT000000274,SAM000183897
156858,SCT000000274,SAM000183898
156859,SCT000000274,SAM000183899
156860,SCT000000274,SAM000183900
156861,SCT000000274,SAM000183901
156862,SCT000000274,SAM000183921
156863,SCT000000274,SAM000183902
156864,SCT000000274,SAM000183904
156865,SCT000000274,SAM000183905
156866,SCT000000274,SAM000183906
156867,SCT000000274,SAM000183907
156868,SCT000000274,SAM000183909
156869,SCT000000274,SAM000183910
156870,SCT000000274,SAM000183911
156871,SCT000000274,SAM000183912
156872,SCT000000274,SAM000183913
156873,SCT000000274,SAM000183914
156874,SCT000000274,SAM000183915
156875,SCT000000274,SAM000183918
156876,SCT000000274,SAM000183919
156877,SCT000000274,SAM000183903
156878,SCT000000274,SAM000183963
156879,SCT000000274,SAM000183923
156880,SCT000000274,SAM000183967
156881,SCT000000274,SAM000184012
156882,SCT000000274,SAM000184014
156883,SCT000000274,SAM000184016
156884,SCT000000274,SAM000184017
156885,SCT000000274,SAM000184022
156886,SCT000000274,SAM000184024
156887,SCT000000274,SAM000184025
156888,SCT000000274,SAM000184026
156889,SCT000000274,SAM000184028
156890,SCT000000274,SAM000184030
156891,SCT000000274,SAM000184032
156892,SCT000000274,SAM000184034
156893,SCT000000274,SAM000184035
156894,SCT000000274,SAM000184036
156895,SCT000000274,SAM000184038
156896,SCT000000274,SAM000184040
156897,SCT000000274,SAM000184041
156898,SCT000000274,SAM000184043
156899,SCT000000274,SAM000184044
156900,SCT000000274,SAM000184045
156901,SCT000000274,SAM000184046
156902,SCT000000274,SAM000184048
156903,SCT000000274,SAM000184049
156904,SCT000000274,SAM000184050
156905,SCT000000274,SAM000184055
156906,SCT000000274,SAM000183965
156907,SCT000000274,SAM000184054
156908,SCT000000274,SAM000184056
156909,SCT000000274,SAM000184052
156910,SCT000000274,SAM000184011
156911,SCT000000274,SAM000184008
156912,SCT000000274,SAM000184015
156913,SCT000000274,SAM000184004
156914,SCT000000274,SAM000183968
156915,SCT000000274,SAM000183969
156916,SCT000000274,SAM000183970
156917,SCT000000274,SAM000183973
156918,SCT000000274,SAM000183974
156919,SCT000000274,SAM000183975
156920,SCT000000274,SAM000183976
156921,SCT000000274,SAM000183978
156922,SCT000000274,SAM000183980
156923,SCT000000274,SAM000183983
156924,SCT000000274,SAM000184007
156925,SCT000000274,SAM000183988
156926,SCT000000274,SAM000183989
156927,SCT000000274,SAM000183990
156928,SCT000000274,SAM000183991
156929,SCT000000274,SAM000183984
156930,SCT000000274,SAM000183994
156931,SCT000000274,SAM000183995
156932,SCT000000274,SAM000183996
156933,SCT000000274,SAM000183997
156934,SCT000000274,SAM000183998
156935,SCT000000274,SAM000183999
156936,SCT000000274,SAM000184003
156937,SCT000000274,SAM000184000
156938,SCT000000274,SAM000183992
156939,SCT000000274,SAM000184001
156940,SCT000000274,SAM000184002
156941,SCT000000275,SAM000184106
156942,SCT000000278,SAM000184139
156943,SCT000000278,SAM000184135
156944,SCT000000278,SAM000184132
156945,SCT000000278,SAM000184138
156946,SCT000000278,SAM000184136
156947,SCT000000278,SAM000184137
156948,SCT000000278,SAM000184140
156949,SCT000000276,SAM000184107
156950,SCT000000276,SAM000184108
156951,SCT000000277,SAM000184117
156952,SCT000000277,SAM000184116
156953,SCT000000277,SAM000184115
156954,SCT000000277,SAM000184114
156955,SCT000000277,SAM000184113
156956,SCT000000277,SAM000184112
156957,SCT000000277,SAM000184120
156958,SCT000000277,SAM000184119
156959,SCT000000277,SAM000184118
156960,SCT000000277,SAM000184111
156961,SCT000000277,SAM000184110
156962,SCT000000277,SAM000184109
156963,SCT000000279,SAM000184152
156964,SCT000000279,SAM000184155
156965,SCT000000279,SAM000184149
156966,SCT000000280,SAM000184167
156967,SCT000000280,SAM000184166
156968,SCT000000280,SAM000184165
156969,SCT000000280,SAM000184163
156970,SCT000000280,SAM000184164
156971,SCT000000280,SAM000184162
156972,SCT000000282,SAM000184178
156973,SCT000000282,SAM000184177
156974,SCT000000281,SAM000184175
156975,SCT000000281,SAM000184174
156976,SCT000000281,SAM000184171
156977,SCT000000281,SAM000184170
156978,SCT000000281,SAM000184169
156979,SCT000000281,SAM000184172
156980,SCT000000281,SAM000184173
156981,SCT000000283,SAM000184189
156982,SCT000000284,SAM000184198
156983,SCT000000284,SAM000184200
156984,SCT000000284,SAM000184190
156985,SCT000000284,SAM000184201
156986,SCT000000284,SAM000184192
156987,SCT000000284,SAM000184193
156988,SCT000000284,SAM000184194
156989,SCT000000284,SAM000184191
156990,SCT000000284,SAM000184196
156991,SCT000000284,SAM000184197
156992,SCT000000284,SAM000184199
156993,SCT000000284,SAM000184195
156994,SCT000000285,SAM000184203
